PassengerId,Survived,Pclass,Name,Sex,Age,SibSp,Parch,Ticket,Embarked,Title,FamilySize,IsAlone,Deck,AgeGroup,Fare,FareBand,TicketPrefix
1,0,3,"Braund, Mr. Owen Harris",male,22.0,1,0,A/5 21171,S,Mr,2,0,Unknown,young,7.25,0.0,A/5
2,1,1,"Cumings, Mrs. John Bradley (Florence Briggs Thayer)",female,38.0,1,0,PC 17599,C,Mrs,2,0,C,adult,70.0,50.0,PC
3,1,3,"Heikkinen, Miss. Laina",female,26.0,0,0,STON/O2. 3101282,S,Miss,1,1,Unknown,young,7.9,7.5,Other
4,1,1,"Futrelle, Mrs. Jacques Heath (Lily May Peel)",female,35.0,1,0,113803,S,Mrs,2,0,C,adult,50.0,25.0,
5,0,3,"Allen, Mr. William Henry",male,35.0,0,0,373450,S,Mr,1,1,Unknown,adult,8.05,7.5,
6,0,3,"Moran, Mr. James",male,30.0,0,0,330877,Q,Mr,1,1,Unknown,young,8.450000000000001,7.5,
7,0,1,"McCarthy, Mr. Timothy J",male,54.0,0,0,17463,S,Mr,1,1,E,adult,50.0,25.0,
8,0,3,"Palsson, Master. Gosta Leonard",male,2.0,3,1,349909,S,Master,5,0,Unknown,kids<3,20.0,15.0,
9,1,3,"Johnson, Mrs. Oscar W (Elisabeth Vilhelmina Berg)",female,27.0,0,2,347742,S,Mrs,3,0,Unknown,young,11.0,7.5,
10,1,2,"Nasser, Mrs. Nicholas (Adele Achem)",female,14.0,1,0,237736,C,Mrs,2,0,Unknown,teenager,30.0,25.0,
11,1,3,"Sandstrom, Miss. Marguerite Rut",female,4.0,1,1,PP 9549,S,Miss,3,0,Other,kids<12,16.5,15.0,Other
12,1,1,"Bonnell, Miss. Elizabeth",female,58.0,0,0,113783,S,Miss,1,1,C,adult,25.0,15.0,
13,0,3,"Saundercock, Mr. William Henry",male,20.0,0,0,A/5. 2151,S,Mr,1,1,Unknown,young,8.05,7.5,Other
14,0,3,"Andersson, Mr. Anders Johan",male,39.0,1,5,347082,S,Mr,7,0,Unknown,adult,30.0,25.0,
15,0,3,"Vestrom, Miss. Hulda Amanda Adolfina",female,14.0,0,0,350406,S,Miss,1,1,Unknown,teenager,7.8500000000000005,7.5,
16,1,2,"Hewlett, Mrs. (Mary D Kingcome) ",female,55.0,0,0,248706,S,Mrs,1,1,Unknown,adult,16.0,15.0,
17,0,3,"Rice, Master. Eugene",male,2.0,4,1,382652,Q,Master,6,0,Unknown,kids<3,30.0,25.0,
18,1,2,"Williams, Mr. Charles Eugene",male,30.0,0,0,244373,S,Mr,1,1,Unknown,young,13.0,7.5,
19,0,3,"Vander Planke, Mrs. Julius (Emelia Maria Vandemoortele)",female,31.0,1,0,345763,S,Mrs,2,0,Unknown,young,18.0,15.0,
20,1,3,"Masselmani, Mrs. Fatima",female,35.0,0,0,2649,C,Mrs,1,1,Unknown,adult,7.2,0.0,
21,0,2,"Fynney, Mr. Joseph J",male,35.0,0,0,239865,S,Mr,1,1,Unknown,adult,25.0,15.0,
22,1,2,"Beesley, Mr. Lawrence",male,34.0,0,0,248698,S,Mr,1,1,D,young,13.0,7.5,
23,1,3,"McGowan, Miss. Anna ""Annie""",female,15.0,0,0,330923,Q,Miss,1,1,Unknown,teenager,8.05,7.5,
24,1,1,"Sloper, Mr. William Thompson",male,28.0,0,0,113788,S,Mr,1,1,A,young,35.0,25.0,
25,0,3,"Palsson, Miss. Torborg Danira",female,8.0,3,1,349909,S,Miss,5,0,Unknown,kids<12,20.0,15.0,
26,1,3,"Asplund, Mrs. Carl Oscar (Selma Augusta Emilia Johansson)",female,38.0,1,5,347077,S,Mrs,7,0,Unknown,adult,30.0,25.0,
27,0,3,"Emir, Mr. Farred Chehab",male,30.0,0,0,2631,C,Mr,1,1,Unknown,young,7.2,0.0,
28,0,1,"Fortune, Mr. Charles Alexander",male,19.0,3,2,19950,S,Mr,6,0,C,young,260.0,50.0,
29,1,3,"O'Dwyer, Miss. Ellen ""Nellie""",female,21.5,0,0,330959,Q,Miss,1,1,Unknown,young,7.9,7.5,
30,0,3,"Todoroff, Mr. Lalio",male,30.0,0,0,349216,S,Mr,1,1,Unknown,young,7.9,7.5,
31,0,1,"Uruchurtu, Don. Manuel E",male,40.0,0,0,PC 17601,C,Sir,1,1,Unknown,adult,30.0,25.0,PC
32,1,1,"Spencer, Mrs. William Augustus (Marie Eugenie)",female,35.0,1,0,PC 17569,C,Mrs,2,0,B,adult,150.0,50.0,PC
33,1,3,"Glynn, Miss. Mary Agatha",female,21.5,0,0,335677,Q,Miss,1,1,Unknown,young,7.75,7.5,
34,0,2,"Wheadon, Mr. Edward H",male,66.0,0,0,C.A. 24579,S,Mr,1,1,Unknown,senior,10.5,7.5,C.A.
35,0,1,"Meyer, Mr. Edgar Joseph",male,28.0,1,0,PC 17604,C,Mr,2,0,Unknown,young,80.0,50.0,PC
36,0,1,"Holverson, Mr. Alexander Oskar",male,42.0,1,0,113789,S,Mr,2,0,Unknown,adult,50.0,25.0,
37,1,3,"Mamee, Mr. Hanna",male,30.0,0,0,2677,C,Mr,1,1,Unknown,young,7.25,0.0,
38,0,3,"Cann, Mr. Ernest Charles",male,21.0,0,0,A./5. 2152,S,Mr,1,1,Unknown,young,8.05,7.5,Other
39,0,3,"Vander Planke, Miss. Augusta Maria",female,18.0,2,0,345764,S,Miss,3,0,Unknown,young,18.0,15.0,
40,1,3,"Nicola-Yarred, Miss. Jamila",female,14.0,1,0,2651,C,Miss,2,0,Unknown,teenager,11.0,7.5,
41,0,3,"Ahlin, Mrs. Johan (Johanna Persdotter Larsson)",female,40.0,1,0,7546,S,Mrs,2,0,Unknown,adult,9.5,7.5,
42,0,2,"Turpin, Mrs. William John Robert (Dorothy Ann Wonnacott)",female,27.0,1,0,11668,S,Mrs,2,0,Unknown,young,20.0,15.0,
43,0,3,"Kraeff, Mr. Theodor",male,30.0,0,0,349253,C,Mr,1,1,Unknown,young,7.9,7.5,
44,1,2,"Laroche, Miss. Simonne Marie Anne Andree",female,3.0,1,2,SC/Paris 2123,C,Miss,4,0,Unknown,kids<12,40.0,25.0,Other
45,1,3,"Devaney, Miss. Margaret Delia",female,19.0,0,0,330958,Q,Miss,1,1,Unknown,young,7.9,7.5,
46,0,3,"Rogers, Mr. William John",male,30.0,0,0,S.C./A.4. 23567,S,Mr,1,1,Unknown,young,8.05,7.5,Other
47,0,3,"Lennon, Mr. Denis",male,30.0,1,0,370371,Q,Mr,2,0,Unknown,young,15.5,15.0,
48,1,3,"O'Driscoll, Miss. Bridget",female,21.5,0,0,14311,Q,Miss,1,1,Unknown,young,7.75,7.5,
49,0,3,"Samaan, Mr. Youssef",male,30.0,2,0,2662,C,Mr,3,0,Unknown,young,20.0,15.0,
50,0,3,"Arnold-Franchi, Mrs. Josef (Josefine Franchi)",female,18.0,1,0,349237,S,Mrs,2,0,Unknown,young,18.0,15.0,
51,0,3,"Panula, Master. Juha Niilo",male,7.0,4,1,3101295,S,Master,6,0,Unknown,kids<12,40.0,25.0,
52,0,3,"Nosworthy, Mr. Richard Cater",male,21.0,0,0,A/4. 39886,S,Mr,1,1,Unknown,young,7.800000000000001,7.5,Other
53,1,1,"Harper, Mrs. Henry Sleeper (Myna Haxtun)",female,49.0,1,0,PC 17572,C,Mrs,2,0,D,adult,80.0,50.0,PC
54,1,2,"Faunthorpe, Mrs. Lizzie (Elizabeth Anne Wilkinson)",female,29.0,1,0,2926,S,Mrs,2,0,Unknown,young,25.0,15.0,
55,0,1,"Ostby, Mr. Engelhart Cornelius",male,65.0,0,1,113509,C,Mr,2,0,B,senior,60.0,50.0,
56,1,1,"Woolner, Mr. Hugh",male,30.0,0,0,19947,S,Mr,1,1,C,young,35.0,25.0,
57,1,2,"Rugg, Miss. Emily",female,21.0,0,0,C.A. 31026,S,Miss,1,1,Unknown,young,10.5,7.5,C.A.
58,0,3,"Novel, Mr. Mansouer",male,28.5,0,0,2697,C,Mr,1,1,Unknown,young,7.25,0.0,
59,1,2,"West, Miss. Constance Mirium",female,5.0,1,2,C.A. 34651,S,Miss,4,0,Unknown,kids<12,30.0,25.0,C.A.
60,0,3,"Goodwin, Master. William Frederick",male,11.0,5,2,CA 2144,S,Master,8,0,Unknown,kids<12,45.0,25.0,Other
61,0,3,"Sirayanian, Mr. Orsen",male,22.0,0,0,2669,C,Mr,1,1,Unknown,young,7.25,0.0,
62,1,1,"Icard, Miss. Amelie",female,38.0,0,0,113572,S,Miss,1,1,B,adult,80.0,50.0,
63,0,1,"Harris, Mr. Henry Birkhardt",male,45.0,1,0,36973,S,Mr,2,0,C,adult,80.0,50.0,
64,0,3,"Skoog, Master. Harald",male,4.0,3,2,347088,S,Master,6,0,Unknown,kids<12,30.0,25.0,
65,0,1,"Stewart, Mr. Albert A",male,30.0,0,0,PC 17605,C,Mr,1,1,Unknown,young,30.0,25.0,PC
66,1,3,"Moubarek, Master. Gerios",male,3.5,1,1,2661,C,Master,3,0,Unknown,kids<12,15.0,7.5,
67,1,2,"Nye, Mrs. (Elizabeth Ramell)",female,29.0,0,0,C.A. 29395,S,Mrs,1,1,Other,young,10.5,7.5,C.A.
68,0,3,"Crease, Mr. Ernest James",male,19.0,0,0,S.P. 3464,S,Mr,1,1,Unknown,young,8.15,7.5,Other
69,1,3,"Andersson, Miss. Erna Alexandra",female,17.0,4,2,3101281,S,Miss,7,0,Unknown,teenager,7.9,7.5,
70,0,3,"Kink, Mr. Vincenz",male,26.0,2,0,315151,S,Mr,3,0,Unknown,young,8.65,7.5,
71,0,2,"Jenkin, Mr. Stephen Curnow",male,32.0,0,0,C.A. 33111,S,Mr,1,1,Unknown,young,10.5,7.5,C.A.
72,0,3,"Goodwin, Miss. Lillian Amy",female,16.0,5,2,CA 2144,S,Miss,8,0,Unknown,teenager,45.0,25.0,Other
73,0,2,"Hood, Mr. Ambrose Jr",male,21.0,0,0,S.O.C. 14879,S,Mr,1,1,Unknown,young,70.0,50.0,Other
74,0,3,"Chronopoulos, Mr. Apostolos",male,26.0,1,0,2680,C,Mr,2,0,Unknown,young,14.5,7.5,
75,1,3,"Bing, Mr. Lee",male,32.0,0,0,1601,S,Mr,1,1,Unknown,young,60.0,50.0,
76,0,3,"Moen, Mr. Sigurd Hansen",male,25.0,0,0,348123,S,Mr,1,1,Other,young,7.65,7.5,
77,0,3,"Staneff, Mr. Ivan",male,30.0,0,0,349208,S,Mr,1,1,Unknown,young,7.9,7.5,
78,0,3,"Moutal, Mr. Rahamin Haim",male,30.0,0,0,374746,S,Mr,1,1,Unknown,young,8.05,7.5,
79,1,2,"Caldwell, Master. Alden Gates",male,0.83,0,2,248738,S,Master,3,0,Unknown,baby,30.0,25.0,
80,1,3,"Dowdell, Miss. Elizabeth",female,30.0,0,0,364516,S,Miss,1,1,Unknown,young,12.5,7.5,
81,0,3,"Waelens, Mr. Achille",male,22.0,0,0,345767,S,Mr,1,1,Unknown,young,9.0,7.5,
82,1,3,"Sheerlinck, Mr. Jan Baptist",male,29.0,0,0,345779,S,Mr,1,1,Unknown,young,9.5,7.5,
83,1,3,"McDermott, Miss. Brigdet Delia",female,21.5,0,0,330932,Q,Miss,1,1,Unknown,young,7.800000000000001,7.5,
84,0,1,"Carrau, Mr. Francisco M",male,28.0,0,0,113059,S,Mr,1,1,Unknown,young,45.0,25.0,
85,1,2,"Ilett, Miss. Bertha",female,17.0,0,0,SO/C 14885,S,Miss,1,1,Unknown,teenager,10.5,7.5,Other
86,1,3,"Backstrom, Mrs. Karl Alfred (Maria Mathilda Gustafsson)",female,33.0,3,0,3101278,S,Mrs,4,0,Unknown,young,16.0,15.0,
87,0,3,"Ford, Mr. William Neal",male,16.0,1,3,W./C. 6608,S,Mr,5,0,Unknown,teenager,35.0,25.0,Other
88,0,3,"Slocovski, Mr. Selman Francis",male,30.0,0,0,SOTON/OQ 392086,S,Mr,1,1,Unknown,young,8.05,7.5,Other
89,1,1,"Fortune, Miss. Mabel Helen",female,23.0,3,2,19950,S,Miss,6,0,C,young,260.0,50.0,
90,0,3,"Celotti, Mr. Francesco",male,24.0,0,0,343275,S,Mr,1,1,Unknown,young,8.05,7.5,
91,0,3,"Christmann, Mr. Emil",male,29.0,0,0,343276,S,Mr,1,1,Unknown,young,8.05,7.5,
92,0,3,"Andreasson, Mr. Paul Edvin",male,20.0,0,0,347466,S,Mr,1,1,Unknown,young,7.8500000000000005,7.5,
93,0,1,"Chaffee, Mr. Herbert Fuller",male,46.0,1,0,W.E.P. 5734,S,Mr,2,0,E,adult,60.0,50.0,Other
94,0,3,"Dean, Mr. Bertram Frank",male,26.0,1,2,C.A. 2315,S,Mr,4,0,Unknown,young,20.0,15.0,C.A.
95,0,3,"Coxon, Mr. Daniel",male,59.0,0,0,364500,S,Mr,1,1,Unknown,adult,7.25,0.0,
96,0,3,"Shorney, Mr. Charles Joseph",male,30.0,0,0,374910,S,Mr,1,1,Unknown,young,8.05,7.5,
97,0,1,"Goldschmidt, Mr. George B",male,71.0,0,0,PC 17754,C,Mr,1,1,A,senior,35.0,25.0,PC
98,1,1,"Greenfield, Mr. William Bertram",male,23.0,0,1,PC 17759,C,Mr,2,0,D,young,60.0,50.0,PC
99,1,2,"Doling, Mrs. John T (Ada Julia Bone)",female,34.0,0,1,231919,S,Mrs,2,0,Unknown,young,25.0,15.0,
100,0,2,"Kantor, Mr. Sinai",male,34.0,1,0,244367,S,Mr,2,0,Unknown,young,25.0,15.0,
101,0,3,"Petranec, Miss. Matilda",female,28.0,0,0,349245,S,Miss,1,1,Unknown,young,7.9,7.5,
102,0,3,"Petroff, Mr. Pastcho (""Pentcho"")",male,30.0,0,0,349215,S,Mr,1,1,Unknown,young,7.9,7.5,
103,0,1,"White, Mr. Richard Frasar",male,21.0,0,1,35281,S,Mr,2,0,D,young,80.0,50.0,
104,0,3,"Johansson, Mr. Gustaf Joel",male,33.0,0,0,7540,S,Mr,1,1,Unknown,young,8.65,7.5,
105,0,3,"Gustafsson, Mr. Anders Vilhelm",male,37.0,2,0,3101276,S,Mr,3,0,Unknown,adult,7.9,7.5,
106,0,3,"Mionoff, Mr. Stoytcho",male,28.0,0,0,349207,S,Mr,1,1,Unknown,young,7.9,7.5,
107,1,3,"Salkjelsvik, Miss. Anna Kristine",female,21.0,0,0,343120,S,Miss,1,1,Unknown,young,7.65,7.5,
108,1,3,"Moss, Mr. Albert Johan",male,30.0,0,0,312991,S,Mr,1,1,Unknown,young,7.800000000000001,7.5,
109,0,3,"Rekic, Mr. Tido",male,38.0,0,0,349249,S,Mr,1,1,Unknown,adult,7.9,7.5,
110,1,3,"Moran, Miss. Bertha",female,21.5,1,0,371110,Q,Miss,2,0,Unknown,young,25.0,15.0,
111,0,1,"Porter, Mr. Walter Chamberlain",male,47.0,0,0,110465,S,Mr,1,1,C,adult,50.0,25.0,
112,0,3,"Zabour, Miss. Hileni",female,14.5,1,0,2665,C,Miss,2,0,Unknown,teenager,14.5,7.5,
113,0,3,"Barton, Mr. David John",male,22.0,0,0,324669,S,Mr,1,1,Unknown,young,8.05,7.5,
114,0,3,"Jussila, Miss. Katriina",female,20.0,1,0,4136,S,Miss,2,0,Unknown,young,9.8,7.5,
115,0,3,"Attalah, Miss. Malake",female,17.0,0,0,2627,C,Miss,1,1,Unknown,teenager,14.5,7.5,
116,0,3,"Pekoniemi, Mr. Edvard",male,21.0,0,0,STON/O 2. 3101294,S,Mr,1,1,Unknown,young,7.9,7.5,STON/O
117,0,3,"Connors, Mr. Patrick",male,70.5,0,0,370369,Q,Mr,1,1,Unknown,senior,7.75,7.5,
118,0,2,"Turpin, Mr. William John Robert",male,29.0,1,0,11668,S,Mr,2,0,Unknown,young,20.0,15.0,
119,0,1,"Baxter, Mr. Quigg Edmond",male,24.0,0,1,PC 17558,C,Mr,2,0,B,young,250.0,50.0,PC
120,0,3,"Andersson, Miss. Ellis Anna Maria",female,2.0,4,2,347082,S,Miss,7,0,Unknown,kids<3,30.0,25.0,
121,0,2,"Hickman, Mr. Stanley George",male,21.0,2,0,S.O.C. 14879,S,Mr,3,0,Unknown,young,70.0,50.0,Other
122,0,3,"Moore, Mr. Leonard Charles",male,30.0,0,0,A4. 54510,S,Mr,1,1,Unknown,young,8.05,7.5,Other
123,0,2,"Nasser, Mr. Nicholas",male,32.5,1,0,237736,C,Mr,2,0,Unknown,young,30.0,25.0,
124,1,2,"Webber, Miss. Susan",female,32.5,0,0,27267,S,Miss,1,1,E,young,13.0,7.5,
125,0,1,"White, Mr. Percival Wayland",male,54.0,0,1,35281,S,Mr,2,0,D,adult,80.0,50.0,
126,1,3,"Nicola-Yarred, Master. Elias",male,12.0,1,0,2651,C,Master,2,0,Unknown,teenager,11.0,7.5,
127,0,3,"McMahon, Mr. Martin",male,30.0,0,0,370372,Q,Mr,1,1,Unknown,young,7.75,7.5,
128,1,3,"Madsen, Mr. Fridtjof Arne",male,24.0,0,0,C 17369,S,Mr,1,1,Unknown,young,7.15,0.0,Other
129,1,3,"Peter, Miss. Anna",female,21.5,1,1,2668,C,Miss,3,0,Other,young,20.0,15.0,
130,0,3,"Ekstrom, Mr. Johan",male,45.0,0,0,347061,S,Mr,1,1,Unknown,adult,7.0,0.0,
131,0,3,"Drazenoic, Mr. Jozef",male,33.0,0,0,349241,C,Mr,1,1,Unknown,young,7.9,7.5,
132,0,3,"Coelho, Mr. Domingos Fernandeo",male,20.0,0,0,SOTON/O.Q. 3101307,S,Mr,1,1,Unknown,young,7.050000000000001,0.0,Other
133,0,3,"Robins, Mrs. Alexander A (Grace Charity Laury)",female,47.0,1,0,A/5. 3337,S,Mrs,2,0,Unknown,adult,14.5,7.5,Other
134,1,2,"Weisz, Mrs. Leopold (Mathilde Francoise Pede)",female,29.0,1,0,228414,S,Mrs,2,0,Unknown,young,25.0,15.0,
135,0,2,"Sobey, Mr. Samuel James Hayden",male,25.0,0,0,C.A. 29178,S,Mr,1,1,Unknown,young,13.0,7.5,C.A.
136,0,2,"Richard, Mr. Emile",male,23.0,0,0,SC/PARIS 2133,C,Mr,1,1,Unknown,young,15.0,7.5,Other
137,1,1,"Newsom, Miss. Helen Monypeny",female,19.0,0,2,11752,S,Miss,3,0,D,young,25.0,15.0,
138,0,1,"Futrelle, Mr. Jacques Heath",male,37.0,1,0,113803,S,Mr,2,0,C,adult,50.0,25.0,
139,0,3,"Osen, Mr. Olaf Elon",male,16.0,0,0,7534,S,Mr,1,1,Unknown,teenager,9.200000000000001,7.5,
140,0,1,"Giglio, Mr. Victor",male,24.0,0,0,PC 17593,C,Mr,1,1,B,young,80.0,50.0,PC
141,0,3,"Boulos, Mrs. Joseph (Sultana)",female,35.0,0,2,2678,C,Mrs,3,0,Unknown,adult,15.0,7.5,
142,1,3,"Nysten, Miss. Anna Sofia",female,22.0,0,0,347081,S,Miss,1,1,Unknown,young,7.75,7.5,
143,1,3,"Hakkarainen, Mrs. Pekka Pietari (Elin Matilda Dolck)",female,24.0,1,0,STON/O2. 3101279,S,Mrs,2,0,Unknown,young,16.0,15.0,Other
144,0,3,"Burke, Mr. Jeremiah",male,19.0,0,0,365222,Q,Mr,1,1,Unknown,young,6.75,0.0,
145,0,2,"Andrew, Mr. Edgardo Samuel",male,18.0,0,0,231945,S,Mr,1,1,Unknown,young,11.5,7.5,
146,0,2,"Nicholls, Mr. Joseph Charles",male,19.0,1,1,C.A. 33112,S,Mr,3,0,Unknown,young,35.0,25.0,C.A.
147,1,3,"Andersson, Mr. August Edvard (""Wennerstrom"")",male,27.0,0,0,350043,S,Mr,1,1,Unknown,young,7.800000000000001,7.5,
148,0,3,"Ford, Miss. Robina Maggie ""Ruby""",female,9.0,2,2,W./C. 6608,S,Miss,5,0,Unknown,kids<12,35.0,25.0,Other
149,0,2,"Navratil, Mr. Michel (""Louis M Hoffman"")",male,36.5,0,2,230080,S,Mr,3,0,Other,adult,25.0,15.0,
150,0,2,"Byles, Rev. Thomas Roussel Davids",male,42.0,0,0,244310,S,Rev,1,1,Unknown,adult,13.0,7.5,
151,0,2,"Bateman, Rev. Robert James",male,51.0,0,0,S.O.P. 1166,S,Rev,1,1,Unknown,adult,12.5,7.5,Other
152,1,1,"Pears, Mrs. Thomas (Edith Wearne)",female,22.0,1,0,113776,S,Mrs,2,0,C,young,70.0,50.0,
153,0,3,"Meo, Mr. Alfonzo",male,55.5,0,0,A.5. 11206,S,Mr,1,1,Unknown,adult,8.05,7.5,Other
154,0,3,"van Billiard, Mr. Austin Blyler",male,40.5,0,2,A/5. 851,S,Mr,3,0,Unknown,adult,14.5,7.5,Other
155,0,3,"Olsen, Mr. Ole Martin",male,30.0,0,0,Fa 265302,S,Mr,1,1,Unknown,young,7.300000000000001,0.0,Other
156,0,1,"Williams, Mr. Charles Duane",male,51.0,0,1,PC 17597,C,Mr,2,0,Unknown,adult,60.0,50.0,PC
157,1,3,"Gilnagh, Miss. Katherine ""Katie""",female,16.0,0,0,35851,Q,Miss,1,1,Unknown,teenager,7.75,7.5,
158,0,3,"Corn, Mr. Harry",male,30.0,0,0,SOTON/OQ 392090,S,Mr,1,1,Unknown,young,8.05,7.5,Other
159,0,3,"Smiljanic, Mr. Mile",male,30.0,0,0,315037,S,Mr,1,1,Unknown,young,8.65,7.5,
160,0,3,"Sage, Master. Thomas Henry",male,3.5,8,2,CA. 2343,S,Master,11,0,Unknown,kids<12,70.0,50.0,Other
161,0,3,"Cribb, Mr. John Hatfield",male,44.0,0,1,371362,S,Mr,2,0,Unknown,adult,16.0,15.0,
162,1,2,"Watt, Mrs. James (Elizabeth ""Bessie"" Inglis Milne)",female,40.0,0,0,C.A. 33595,S,Mrs,1,1,Unknown,adult,16.0,15.0,C.A.
163,0,3,"Bengtsson, Mr. John Viktor",male,26.0,0,0,347068,S,Mr,1,1,Unknown,young,7.800000000000001,7.5,
164,0,3,"Calic, Mr. Jovo",male,17.0,0,0,315093,S,Mr,1,1,Unknown,teenager,8.65,7.5,
165,0,3,"Panula, Master. Eino Viljami",male,1.0,4,1,3101295,S,Master,6,0,Unknown,kids<3,40.0,25.0,
166,1,3,"Goldsmith, Master. Frank John William ""Frankie""",male,9.0,0,2,363291,S,Master,3,0,Unknown,kids<12,20.0,15.0,
167,1,1,"Chibnall, Mrs. (Edith Martha Bowerman)",female,35.0,0,1,113505,S,Mrs,2,0,E,adult,60.0,50.0,
168,0,3,"Skoog, Mrs. William (Anna Bernhardina Karlsson)",female,45.0,1,4,347088,S,Mrs,6,0,Unknown,adult,30.0,25.0,
169,0,1,"Baumann, Mr. John D",male,30.0,0,0,PC 17318,S,Mr,1,1,Unknown,young,25.0,15.0,PC
170,0,3,"Ling, Mr. Lee",male,28.0,0,0,1601,S,Mr,1,1,Unknown,young,60.0,50.0,
171,0,1,"Van der hoef, Mr. Wyckoff",male,61.0,0,0,111240,S,Mr,1,1,B,senior,35.0,25.0,
172,0,3,"Rice, Master. Arthur",male,4.0,4,1,382652,Q,Master,6,0,Unknown,kids<12,30.0,25.0,
173,1,3,"Johnson, Miss. Eleanor Ileen",female,1.0,1,1,347742,S,Miss,3,0,Unknown,kids<3,11.0,7.5,
174,0,3,"Sivola, Mr. Antti Wilhelm",male,21.0,0,0,STON/O 2. 3101280,S,Mr,1,1,Unknown,young,7.9,7.5,STON/O
175,0,1,"Smith, Mr. James Clinch",male,56.0,0,0,17764,C,Mr,1,1,A,adult,30.0,25.0,
176,0,3,"Klasen, Mr. Klas Albin",male,18.0,1,1,350404,S,Mr,3,0,Unknown,young,7.8500000000000005,7.5,
177,0,3,"Lefebre, Master. Henry Forbes",male,3.5,3,1,4133,S,Master,5,0,Unknown,kids<12,25.0,15.0,
178,0,1,"Isham, Miss. Ann Elizabeth",female,50.0,0,0,PC 17595,C,Miss,1,1,C,adult,30.0,25.0,PC
179,0,2,"Hale, Mr. Reginald",male,30.0,0,0,250653,S,Mr,1,1,Unknown,young,13.0,7.5,
180,0,3,"Leonard, Mr. Lionel",male,36.0,0,0,LINE,S,Mr,1,1,Unknown,adult,0.0,0.0,Other
181,0,3,"Sage, Miss. Constance Gladys",female,21.5,8,2,CA. 2343,S,Miss,11,0,Unknown,young,70.0,50.0,Other
182,0,2,"Pernot, Mr. Rene",male,30.0,0,0,SC/PARIS 2131,C,Mr,1,1,Unknown,young,15.0,7.5,Other
183,0,3,"Asplund, Master. Clarence Gustaf Hugo",male,9.0,4,2,347077,S,Master,7,0,Unknown,kids<12,30.0,25.0,
184,1,2,"Becker, Master. Richard F",male,1.0,2,1,230136,S,Master,4,0,Other,kids<3,40.0,25.0,
185,1,3,"Kink-Heilmann, Miss. Luise Gretchen",female,4.0,0,2,315153,S,Miss,3,0,Unknown,kids<12,20.0,15.0,
186,0,1,"Rood, Mr. Hugh Roscoe",male,30.0,0,0,113767,S,Mr,1,1,A,young,50.0,25.0,
187,1,3,"O'Brien, Mrs. Thomas (Johanna ""Hannah"" Godfrey)",female,35.0,1,0,370365,Q,Mrs,2,0,Unknown,adult,15.5,15.0,
188,1,1,"Romaine, Mr. Charles Hallace (""Mr C Rolmane"")",male,45.0,0,0,111428,S,Mr,1,1,Unknown,adult,25.0,15.0,
189,0,3,"Bourke, Mr. John",male,40.0,1,1,364849,Q,Mr,3,0,Unknown,adult,15.5,15.0,
190,0,3,"Turcin, Mr. Stjepan",male,36.0,0,0,349247,S,Mr,1,1,Unknown,adult,7.9,7.5,
191,1,2,"Pinsky, Mrs. (Rosa)",female,32.0,0,0,234604,S,Mrs,1,1,Unknown,young,13.0,7.5,
192,0,2,"Carbines, Mr. William",male,19.0,0,0,28424,S,Mr,1,1,Unknown,young,13.0,7.5,
193,1,3,"Andersen-Jensen, Miss. Carla Christine Nielsine",female,19.0,1,0,350046,S,Miss,2,0,Unknown,young,7.8500000000000005,7.5,
194,1,2,"Navratil, Master. Michel M",male,3.0,1,1,230080,S,Master,3,0,Other,kids<12,25.0,15.0,
195,1,1,"Brown, Mrs. James Joseph (Margaret Tobin)",female,44.0,0,0,PC 17610,C,Mrs,1,1,B,adult,30.0,25.0,PC
196,1,1,"Lurette, Miss. Elise",female,58.0,0,0,PC 17569,C,Miss,1,1,B,adult,150.0,50.0,PC
197,0,3,"Mernagh, Mr. Robert",male,30.0,0,0,368703,Q,Mr,1,1,Unknown,young,7.75,7.5,
198,0,3,"Olsen, Mr. Karl Siegwart Andreas",male,42.0,0,1,4579,S,Mr,2,0,Unknown,adult,8.4,7.5,
199,1,3,"Madigan, Miss. Margaret ""Maggie""",female,21.5,0,0,370370,Q,Miss,1,1,Unknown,young,7.75,7.5,
200,0,2,"Yrois, Miss. Henriette (""Mrs Harbeck"")",female,24.0,0,0,248747,S,Miss,1,1,Unknown,young,13.0,7.5,
201,0,3,"Vande Walle, Mr. Nestor Cyriel",male,28.0,0,0,345770,S,Mr,1,1,Unknown,young,9.5,7.5,
202,0,3,"Sage, Mr. Frederick",male,30.0,8,2,CA. 2343,S,Mr,11,0,Unknown,young,70.0,50.0,Other
203,0,3,"Johanson, Mr. Jakob Alfred",male,34.0,0,0,3101264,S,Mr,1,1,Unknown,young,6.5,0.0,
204,0,3,"Youseff, Mr. Gerious",male,45.5,0,0,2628,C,Mr,1,1,Unknown,adult,7.2,0.0,
205,1,3,"Cohen, Mr. Gurshon ""Gus""",male,18.0,0,0,A/5 3540,S,Mr,1,1,Unknown,young,8.05,7.5,A/5
206,0,3,"Strom, Miss. Telma Matilda",female,2.0,0,1,347054,S,Miss,2,0,Other,kids<3,10.5,7.5,
207,0,3,"Backstrom, Mr. Karl Alfred",male,32.0,1,0,3101278,S,Mr,2,0,Unknown,young,16.0,15.0,
208,1,3,"Albimona, Mr. Nassef Cassem",male,26.0,0,0,2699,C,Mr,1,1,Unknown,young,19.0,15.0,
209,1,3,"Carr, Miss. Helen ""Ellen""",female,16.0,0,0,367231,Q,Miss,1,1,Unknown,teenager,7.75,7.5,
210,1,1,"Blank, Mr. Henry",male,40.0,0,0,112277,C,Mr,1,1,A,adult,30.0,25.0,
211,0,3,"Ali, Mr. Ahmed",male,24.0,0,0,SOTON/O.Q. 3101311,S,Mr,1,1,Unknown,young,7.050000000000001,0.0,Other
212,1,2,"Cameron, Miss. Clear Annie",female,35.0,0,0,F.C.C. 13528,S,Miss,1,1,Unknown,adult,20.0,15.0,Other
213,0,3,"Perkin, Mr. John Henry",male,22.0,0,0,A/5 21174,S,Mr,1,1,Unknown,young,7.25,0.0,A/5
214,0,2,"Givard, Mr. Hans Kristensen",male,30.0,0,0,250646,S,Mr,1,1,Unknown,young,13.0,7.5,
215,0,3,"Kiernan, Mr. Philip",male,30.0,1,0,367229,Q,Mr,2,0,Unknown,young,7.75,7.5,
216,1,1,"Newell, Miss. Madeleine",female,31.0,1,0,35273,C,Miss,2,0,D,young,110.0,50.0,
217,1,3,"Honkanen, Miss. Eliina",female,27.0,0,0,STON/O2. 3101283,S,Miss,1,1,Unknown,young,7.9,7.5,Other
218,0,2,"Jacobsohn, Mr. Sidney Samuel",male,42.0,1,0,243847,S,Mr,2,0,Unknown,adult,25.0,15.0,
219,1,1,"Bazzani, Miss. Albina",female,32.0,0,0,11813,C,Miss,1,1,D,young,80.0,50.0,
220,0,2,"Harris, Mr. Walter",male,30.0,0,0,W/C 14208,S,Mr,1,1,Unknown,young,10.5,7.5,Other
221,1,3,"Sunderland, Mr. Victor Francis",male,16.0,0,0,SOTON/OQ 392089,S,Mr,1,1,Unknown,teenager,8.05,7.5,Other
222,0,2,"Bracken, Mr. James H",male,27.0,0,0,220367,S,Mr,1,1,Unknown,young,13.0,7.5,
223,0,3,"Green, Mr. George Henry",male,51.0,0,0,21440,S,Mr,1,1,Unknown,adult,8.05,7.5,
224,0,3,"Nenkoff, Mr. Christo",male,30.0,0,0,349234,S,Mr,1,1,Unknown,young,7.9,7.5,
225,1,1,"Hoyt, Mr. Frederick Maxfield",male,38.0,1,0,19943,S,Mr,2,0,C,adult,90.0,50.0,
226,0,3,"Berglund, Mr. Karl Ivar Sven",male,22.0,0,0,PP 4348,S,Mr,1,1,Unknown,young,9.35,7.5,Other
227,1,2,"Mellors, Mr. William John",male,19.0,0,0,SW/PP 751,S,Mr,1,1,Unknown,young,10.5,7.5,Other
228,0,3,"Lovell, Mr. John Hall (""Henry"")",male,20.5,0,0,A/5 21173,S,Mr,1,1,Unknown,young,7.25,0.0,A/5
229,0,2,"Fahlstrom, Mr. Arne Jonas",male,18.0,0,0,236171,S,Mr,1,1,Unknown,young,13.0,7.5,
230,0,3,"Lefebre, Miss. Mathilde",female,21.5,3,1,4133,S,Miss,5,0,Unknown,young,25.0,15.0,
231,1,1,"Harris, Mrs. Henry Birkhardt (Irene Wallach)",female,35.0,1,0,36973,S,Mrs,2,0,C,adult,80.0,50.0,
232,0,3,"Larsson, Mr. Bengt Edvin",male,29.0,0,0,347067,S,Mr,1,1,Unknown,young,7.800000000000001,7.5,
233,0,2,"Sjostedt, Mr. Ernst Adolf",male,59.0,0,0,237442,S,Mr,1,1,Unknown,adult,13.5,7.5,
234,1,3,"Asplund, Miss. Lillian Gertrud",female,5.0,4,2,347077,S,Miss,7,0,Unknown,kids<12,30.0,25.0,
235,0,2,"Leyson, Mr. Robert William Norman",male,24.0,0,0,C.A. 29566,S,Mr,1,1,Unknown,young,10.5,7.5,C.A.
236,0,3,"Harknett, Miss. Alice Phoebe",female,21.5,0,0,W./C. 6609,S,Miss,1,1,Unknown,young,7.550000000000001,7.5,Other
237,0,2,"Hold, Mr. Stephen",male,44.0,1,0,26707,S,Mr,2,0,Unknown,adult,25.0,15.0,
238,1,2,"Collyer, Miss. Marjorie ""Lottie""",female,8.0,0,2,C.A. 31921,S,Miss,3,0,Unknown,kids<12,25.0,15.0,C.A.
239,0,2,"Pengelly, Mr. Frederick William",male,19.0,0,0,28665,S,Mr,1,1,Unknown,young,10.5,7.5,
240,0,2,"Hunt, Mr. George Henry",male,33.0,0,0,SCO/W 1585,S,Mr,1,1,Unknown,young,12.5,7.5,Other
241,0,3,"Zabour, Miss. Thamine",female,21.5,1,0,2665,C,Miss,2,0,Unknown,young,14.5,7.5,
242,1,3,"Murphy, Miss. Katherine ""Kate""",female,21.5,1,0,367230,Q,Miss,2,0,Unknown,young,15.5,15.0,
243,0,2,"Coleridge, Mr. Reginald Charles",male,29.0,0,0,W./C. 14263,S,Mr,1,1,Unknown,young,10.5,7.5,Other
244,0,3,"Maenpaa, Mr. Matti Alexanteri",male,22.0,0,0,STON/O 2. 3101275,S,Mr,1,1,Unknown,young,7.1000000000000005,0.0,STON/O
245,0,3,"Attalah, Mr. Sleiman",male,30.0,0,0,2694,C,Mr,1,1,Unknown,young,7.2,0.0,
246,0,1,"Minahan, Dr. William Edward",male,44.0,2,0,19928,Q,Dr,3,0,C,adult,90.0,50.0,
247,0,3,"Lindahl, Miss. Agda Thorilda Viktoria",female,25.0,0,0,347071,S,Miss,1,1,Unknown,young,7.800000000000001,7.5,
248,1,2,"Hamalainen, Mrs. William (Anna)",female,24.0,0,2,250649,S,Mrs,3,0,Unknown,young,14.5,7.5,
249,1,1,"Beckwith, Mr. Richard Leonard",male,37.0,1,1,11751,S,Mr,3,0,D,adult,50.0,25.0,
250,0,2,"Carter, Rev. Ernest Courtenay",male,54.0,1,0,244252,S,Rev,2,0,Unknown,adult,25.0,15.0,
251,0,3,"Reed, Mr. James George",male,30.0,0,0,362316,S,Mr,1,1,Unknown,young,7.25,0.0,
252,0,3,"Strom, Mrs. Wilhelm (Elna Matilda Persson)",female,29.0,1,1,347054,S,Mrs,3,0,Other,young,10.5,7.5,
253,0,1,"Stead, Mr. William Thomas",male,62.0,0,0,113514,S,Mr,1,1,C,senior,25.0,15.0,
254,0,3,"Lobb, Mr. William Arthur",male,30.0,1,0,A/5. 3336,S,Mr,2,0,Unknown,young,16.0,15.0,Other
255,0,3,"Rosblom, Mrs. Viktor (Helena Wilhelmina)",female,41.0,0,2,370129,S,Mrs,3,0,Unknown,adult,20.0,15.0,
256,1,3,"Touma, Mrs. Darwis (Hanne Youssef Razi)",female,29.0,0,2,2650,C,Mrs,3,0,Unknown,young,15.0,7.5,
257,1,1,"Thorne, Mrs. Gertrude Maybelle",female,35.0,0,0,PC 17585,C,Mrs,1,1,Unknown,adult,80.0,50.0,PC
258,1,1,"Cherry, Miss. Gladys",female,30.0,0,0,110152,S,Miss,1,1,B,young,90.0,50.0,
259,1,1,"Ward, Miss. Anna",female,35.0,0,0,PC 17755,C,Miss,1,1,Unknown,adult,510.0,50.0,PC
260,1,2,"Parrish, Mrs. (Lutie Davis)",female,50.0,0,1,230433,S,Mrs,2,0,Unknown,adult,25.0,15.0,
261,0,3,"Smith, Mr. Thomas",male,30.0,0,0,384461,Q,Mr,1,1,Unknown,young,7.75,7.5,
262,1,3,"Asplund, Master. Edvin Rojj Felix",male,3.0,4,2,347077,S,Master,7,0,Unknown,kids<12,30.0,25.0,
263,0,1,"Taussig, Mr. Emil",male,52.0,1,1,110413,S,Mr,3,0,E,adult,80.0,50.0,
264,0,1,"Harrison, Mr. William",male,40.0,0,0,112059,S,Mr,1,1,B,adult,0.0,0.0,
265,0,3,"Henry, Miss. Delia",female,21.5,0,0,382649,Q,Miss,1,1,Unknown,young,7.75,7.5,
266,0,2,"Reeves, Mr. David",male,36.0,0,0,C.A. 17248,S,Mr,1,1,Unknown,adult,10.5,7.5,C.A.
267,0,3,"Panula, Mr. Ernesti Arvid",male,16.0,4,1,3101295,S,Mr,6,0,Unknown,teenager,40.0,25.0,
268,1,3,"Persson, Mr. Ernst Ulrik",male,25.0,1,0,347083,S,Mr,2,0,Unknown,young,7.800000000000001,7.5,
269,1,1,"Graham, Mrs. William Thompson (Edith Junkins)",female,58.0,0,1,PC 17582,S,Mrs,2,0,C,adult,150.0,50.0,PC
270,1,1,"Bissette, Miss. Amelia",female,35.0,0,0,PC 17760,S,Miss,1,1,C,adult,140.0,50.0,PC
271,0,1,"Cairns, Mr. Alexander",male,30.0,0,0,113798,S,Mr,1,1,Unknown,young,30.0,25.0,
272,1,3,"Tornquist, Mr. William Henry",male,25.0,0,0,LINE,S,Mr,1,1,Unknown,young,0.0,0.0,Other
273,1,2,"Mellinger, Mrs. (Elizabeth Anne Maidment)",female,41.0,0,1,250644,S,Mrs,2,0,Unknown,adult,19.5,15.0,
274,0,1,"Natsch, Mr. Charles H",male,37.0,0,1,PC 17596,C,Mr,2,0,C,adult,30.0,25.0,PC
275,1,3,"Healy, Miss. Hanora ""Nora""",female,21.5,0,0,370375,Q,Miss,1,1,Unknown,young,7.75,7.5,
276,1,1,"Andrews, Miss. Kornelia Theodosia",female,63.0,1,0,13502,S,Miss,2,0,D,senior,80.0,50.0,
277,0,3,"Lindblom, Miss. Augusta Charlotta",female,45.0,0,0,347073,S,Miss,1,1,Unknown,adult,7.75,7.5,
278,0,2,"Parkes, Mr. Francis ""Frank""",male,30.0,0,0,239853,S,Mr,1,1,Unknown,young,0.0,0.0,
279,0,3,"Rice, Master. Eric",male,7.0,4,1,382652,Q,Master,6,0,Unknown,kids<12,30.0,25.0,
280,1,3,"Abbott, Mrs. Stanton (Rosa Hunt)",female,35.0,1,1,C.A. 2673,S,Mrs,3,0,Unknown,adult,20.0,15.0,C.A.
281,0,3,"Duane, Mr. Frank",male,65.0,0,0,336439,Q,Mr,1,1,Unknown,senior,7.75,7.5,
282,0,3,"Olsson, Mr. Nils Johan Goransson",male,28.0,0,0,347464,S,Mr,1,1,Unknown,young,7.8500000000000005,7.5,
283,0,3,"de Pelsmaeker, Mr. Alfons",male,16.0,0,0,345778,S,Mr,1,1,Unknown,teenager,9.5,7.5,
284,1,3,"Dorking, Mr. Edward Arthur",male,19.0,0,0,A/5. 10482,S,Mr,1,1,Unknown,young,8.05,7.5,Other
285,0,1,"Smith, Mr. Richard William",male,30.0,0,0,113056,S,Mr,1,1,A,young,25.0,15.0,
286,0,3,"Stankovic, Mr. Ivan",male,33.0,0,0,349239,C,Mr,1,1,Unknown,young,8.65,7.5,
287,1,3,"de Mulder, Mr. Theodore",male,30.0,0,0,345774,S,Mr,1,1,Unknown,young,9.5,7.5,
288,0,3,"Naidenoff, Mr. Penko",male,22.0,0,0,349206,S,Mr,1,1,Unknown,young,7.9,7.5,
289,1,2,"Hosono, Mr. Masabumi",male,42.0,0,0,237798,S,Mr,1,1,Unknown,adult,13.0,7.5,
290,1,3,"Connolly, Miss. Kate",female,22.0,0,0,370373,Q,Miss,1,1,Unknown,young,7.75,7.5,
291,1,1,"Barber, Miss. Ellen ""Nellie""",female,26.0,0,0,19877,S,Miss,1,1,Unknown,young,80.0,50.0,
292,1,1,"Bishop, Mrs. Dickinson H (Helen Walton)",female,19.0,1,0,11967,C,Mrs,2,0,B,young,90.0,50.0,
293,0,2,"Levy, Mr. Rene Jacques",male,36.0,0,0,SC/Paris 2163,C,Mr,1,1,D,adult,13.0,7.5,Other
294,0,3,"Haas, Miss. Aloisia",female,24.0,0,0,349236,S,Miss,1,1,Unknown,young,8.85,7.5,
295,0,3,"Mineff, Mr. Ivan",male,24.0,0,0,349233,S,Mr,1,1,Unknown,young,7.9,7.5,
296,0,1,"Lewy, Mr. Ervin G",male,30.0,0,0,PC 17612,C,Mr,1,1,Unknown,young,30.0,25.0,PC
297,0,3,"Hanna, Mr. Mansour",male,23.5,0,0,2693,C,Mr,1,1,Unknown,young,7.25,0.0,
298,0,1,"Allison, Miss. Helen Loraine",female,2.0,1,2,113781,S,Miss,4,0,C,kids<3,150.0,50.0,
299,1,1,"Saalfeld, Mr. Adolphe",male,30.0,0,0,19988,S,Mr,1,1,C,young,30.0,25.0,
300,1,1,"Baxter, Mrs. James (Helene DeLaudeniere Chaput)",female,50.0,0,1,PC 17558,C,Mrs,2,0,B,adult,250.0,50.0,PC
301,1,3,"Kelly, Miss. Anna Katherine ""Annie Kate""",female,21.5,0,0,9234,Q,Miss,1,1,Unknown,young,7.75,7.5,
302,1,3,"McCoy, Mr. Bernard",male,30.0,2,0,367226,Q,Mr,3,0,Unknown,young,25.0,15.0,
303,0,3,"Johnson, Mr. William Cahoone Jr",male,19.0,0,0,LINE,S,Mr,1,1,Unknown,young,0.0,0.0,Other
304,1,2,"Keane, Miss. Nora A",female,21.5,0,0,226593,Q,Miss,1,1,E,young,12.5,7.5,
305,0,3,"Williams, Mr. Howard Hugh ""Harry""",male,30.0,0,0,A/5 2466,S,Mr,1,1,Unknown,young,8.05,7.5,A/5
306,1,1,"Allison, Master. Hudson Trevor",male,0.92,1,2,113781,S,Master,4,0,C,baby,150.0,50.0,
307,1,1,"Fleming, Miss. Margaret",female,21.5,0,0,17421,C,Miss,1,1,Unknown,young,110.0,50.0,
308,1,1,"Penasco y Castellana, Mrs. Victor de Satode (Maria Josefa Perez de Soto y Vallejo)",female,17.0,1,0,PC 17758,C,Mrs,2,0,C,teenager,110.0,50.0,PC
309,0,2,"Abelson, Mr. Samuel",male,30.0,1,0,P/PP 3381,C,Mr,2,0,Unknown,young,25.0,15.0,Other
310,1,1,"Francatelli, Miss. Laura Mabel",female,30.0,0,0,PC 17485,C,Miss,1,1,E,young,60.0,50.0,PC
311,1,1,"Hays, Miss. Margaret Bechstein",female,24.0,0,0,11767,C,Miss,1,1,C,young,80.0,50.0,
312,1,1,"Ryerson, Miss. Emily Borie",female,18.0,2,2,PC 17608,C,Miss,5,0,B,young,260.0,50.0,PC
313,0,2,"Lahtinen, Mrs. William (Anna Sylfven)",female,26.0,1,1,250651,S,Mrs,3,0,Unknown,young,25.0,15.0,
314,0,3,"Hendekovic, Mr. Ignjac",male,28.0,0,0,349243,S,Mr,1,1,Unknown,young,7.9,7.5,
315,0,2,"Hart, Mr. Benjamin",male,43.0,1,1,F.C.C. 13529,S,Mr,3,0,Unknown,adult,25.0,15.0,Other
316,1,3,"Nilsson, Miss. Helmina Josefina",female,26.0,0,0,347470,S,Miss,1,1,Unknown,young,7.8500000000000005,7.5,
317,1,2,"Kantor, Mrs. Sinai (Miriam Sternin)",female,24.0,1,0,244367,S,Mrs,2,0,Unknown,young,25.0,15.0,
318,0,2,"Moraweck, Dr. Ernest",male,54.0,0,0,29011,S,Dr,1,1,Unknown,adult,14.0,7.5,
319,1,1,"Wick, Miss. Mary Natalie",female,31.0,0,2,36928,S,Miss,3,0,C,young,160.0,50.0,
320,1,1,"Spedden, Mrs. Frederic Oakley (Margaretta Corning Stone)",female,40.0,1,1,16966,C,Mrs,3,0,E,adult,130.0,50.0,
321,0,3,"Dennis, Mr. Samuel",male,22.0,0,0,A/5 21172,S,Mr,1,1,Unknown,young,7.25,0.0,A/5
322,0,3,"Danoff, Mr. Yoto",male,27.0,0,0,349219,S,Mr,1,1,Unknown,young,7.9,7.5,
323,1,2,"Slayter, Miss. Hilda Mary",female,30.0,0,0,234818,Q,Miss,1,1,Unknown,young,12.5,7.5,
324,1,2,"Caldwell, Mrs. Albert Francis (Sylvia Mae Harbaugh)",female,22.0,1,1,248738,S,Mrs,3,0,Unknown,young,30.0,25.0,
325,0,3,"Sage, Mr. George John Jr",male,30.0,8,2,CA. 2343,S,Mr,11,0,Unknown,young,70.0,50.0,Other
326,1,1,"Young, Miss. Marie Grice",female,36.0,0,0,PC 17760,C,Miss,1,1,C,adult,140.0,50.0,PC
327,0,3,"Nysveen, Mr. Johan Hansen",male,61.0,0,0,345364,S,Mr,1,1,Unknown,senior,6.25,0.0,
328,1,2,"Ball, Mrs. (Ada E Hall)",female,36.0,0,0,28551,S,Mrs,1,1,D,adult,13.0,7.5,
329,1,3,"Goldsmith, Mrs. Frank John (Emily Alice Brown)",female,31.0,1,1,363291,S,Mrs,3,0,Unknown,young,20.0,15.0,
330,1,1,"Hippach, Miss. Jean Gertrude",female,16.0,0,1,111361,C,Miss,2,0,B,teenager,60.0,50.0,
331,1,3,"McCoy, Miss. Agnes",female,21.5,2,0,367226,Q,Miss,3,0,Unknown,young,25.0,15.0,
332,0,1,"Partner, Mr. Austen",male,45.5,0,0,113043,S,Mr,1,1,C,adult,30.0,25.0,
333,0,1,"Graham, Mr. George Edward",male,38.0,0,1,PC 17582,S,Mr,2,0,C,adult,150.0,50.0,PC
334,0,3,"Vander Planke, Mr. Leo Edmondus",male,16.0,2,0,345764,S,Mr,3,0,Unknown,teenager,18.0,15.0,
335,1,1,"Frauenthal, Mrs. Henry William (Clara Heinsheimer)",female,35.0,1,0,PC 17611,S,Mrs,2,0,Unknown,adult,130.0,50.0,PC
336,0,3,"Denkoff, Mr. Mitto",male,30.0,0,0,349225,S,Mr,1,1,Unknown,young,7.9,7.5,
337,0,1,"Pears, Mr. Thomas Clinton",male,29.0,1,0,113776,S,Mr,2,0,C,young,70.0,50.0,
338,1,1,"Burns, Miss. Elizabeth Margaret",female,41.0,0,0,16966,C,Miss,1,1,E,adult,130.0,50.0,
339,1,3,"Dahl, Mr. Karl Edwart",male,45.0,0,0,7598,S,Mr,1,1,Unknown,adult,8.05,7.5,
340,0,1,"Blackwell, Mr. Stephen Weart",male,45.0,0,0,113784,S,Mr,1,1,Other,adult,35.0,25.0,
341,1,2,"Navratil, Master. Edmond Roger",male,2.0,1,1,230080,S,Master,3,0,Other,kids<3,25.0,15.0,
342,1,1,"Fortune, Miss. Alice Elizabeth",female,24.0,3,2,19950,S,Miss,6,0,C,young,260.0,50.0,
343,0,2,"Collander, Mr. Erik Gustaf",male,28.0,0,0,248740,S,Mr,1,1,Unknown,young,13.0,7.5,
344,0,2,"Sedgwick, Mr. Charles Frederick Waddington",male,25.0,0,0,244361,S,Mr,1,1,Unknown,young,13.0,7.5,
345,0,2,"Fox, Mr. Stanley Hubert",male,36.0,0,0,229236,S,Mr,1,1,Unknown,adult,13.0,7.5,
346,1,2,"Brown, Miss. Amelia ""Mildred""",female,24.0,0,0,248733,S,Miss,1,1,Other,young,13.0,7.5,
347,1,2,"Smith, Miss. Marion Elsie",female,40.0,0,0,31418,S,Miss,1,1,Unknown,adult,13.0,7.5,
348,1,3,"Davison, Mrs. Thomas Henry (Mary E Finck)",female,35.0,1,0,386525,S,Mrs,2,0,Unknown,adult,16.0,15.0,
349,1,3,"Coutts, Master. William Loch ""William""",male,3.0,1,1,C.A. 37671,S,Master,3,0,Unknown,kids<12,16.0,15.0,C.A.
350,0,3,"Dimic, Mr. Jovan",male,42.0,0,0,315088,S,Mr,1,1,Unknown,adult,8.65,7.5,
351,0,3,"Odahl, Mr. Nils Martin",male,23.0,0,0,7267,S,Mr,1,1,Unknown,young,9.200000000000001,7.5,
352,0,1,"Williams-Lambert, Mr. Fletcher Fellows",male,30.0,0,0,113510,S,Mr,1,1,C,young,35.0,25.0,
353,0,3,"Elias, Mr. Tannous",male,15.0,1,1,2695,C,Mr,3,0,Unknown,teenager,7.25,0.0,
354,0,3,"Arnold-Franchi, Mr. Josef",male,25.0,1,0,349237,S,Mr,2,0,Unknown,young,18.0,15.0,
355,0,3,"Yousif, Mr. Wazli",male,30.0,0,0,2647,C,Mr,1,1,Unknown,young,7.2,0.0,
356,0,3,"Vanden Steen, Mr. Leo Peter",male,28.0,0,0,345783,S,Mr,1,1,Unknown,young,9.5,7.5,
357,1,1,"Bowerman, Miss. Elsie Edith",female,22.0,0,1,113505,S,Miss,2,0,E,young,60.0,50.0,
358,0,2,"Funk, Miss. Annie Clemmer",female,38.0,0,0,237671,S,Miss,1,1,Unknown,adult,13.0,7.5,
359,1,3,"McGovern, Miss. Mary",female,21.5,0,0,330931,Q,Miss,1,1,Unknown,young,7.9,7.5,
360,1,3,"Mockler, Miss. Helen Mary ""Ellie""",female,21.5,0,0,330980,Q,Miss,1,1,Unknown,young,7.9,7.5,
361,0,3,"Skoog, Mr. Wilhelm",male,40.0,1,4,347088,S,Mr,6,0,Unknown,adult,30.0,25.0,
362,0,2,"del Carlo, Mr. Sebastiano",male,29.0,1,0,SC/PARIS 2167,C,Mr,2,0,Unknown,young,30.0,25.0,Other
363,0,3,"Barbara, Mrs. (Catherine David)",female,45.0,0,1,2691,C,Mrs,2,0,Unknown,adult,14.5,7.5,
364,0,3,"Asim, Mr. Adola",male,35.0,0,0,SOTON/O.Q. 3101310,S,Mr,1,1,Unknown,adult,7.050000000000001,0.0,Other
365,0,3,"O'Brien, Mr. Thomas",male,30.0,1,0,370365,Q,Mr,2,0,Unknown,young,15.5,15.0,
366,0,3,"Adahl, Mr. Mauritz Nils Martin",male,30.0,0,0,C 7076,S,Mr,1,1,Unknown,young,7.25,0.0,Other
367,1,1,"Warren, Mrs. Frank Manley (Anna Sophia Atkinson)",female,60.0,1,0,110813,C,Mrs,2,0,D,senior,80.0,50.0,
368,1,3,"Moussa, Mrs. (Mantoura Boulos)",female,35.0,0,0,2626,C,Mrs,1,1,Unknown,adult,7.25,0.0,
369,1,3,"Jermyn, Miss. Annie",female,21.5,0,0,14313,Q,Miss,1,1,Unknown,young,7.75,7.5,
370,1,1,"Aubart, Mme. Leontine Pauline",female,24.0,0,0,PC 17477,C,Mrs,1,1,B,young,70.0,50.0,PC
371,1,1,"Harder, Mr. George Achilles",male,25.0,1,0,11765,C,Mr,2,0,E,young,60.0,50.0,
372,0,3,"Wiklund, Mr. Jakob Alfred",male,18.0,1,0,3101267,S,Mr,2,0,Unknown,young,6.5,0.0,
373,0,3,"Beavan, Mr. William Thomas",male,19.0,0,0,323951,S,Mr,1,1,Unknown,young,8.05,7.5,
374,0,1,"Ringhini, Mr. Sante",male,22.0,0,0,PC 17760,C,Mr,1,1,Unknown,young,140.0,50.0,PC
375,0,3,"Palsson, Miss. Stina Viola",female,3.0,3,1,349909,S,Miss,5,0,Unknown,kids<12,20.0,15.0,
376,1,1,"Meyer, Mrs. Edgar Joseph (Leila Saks)",female,35.0,1,0,PC 17604,C,Mrs,2,0,Unknown,adult,80.0,50.0,PC
377,1,3,"Landergren, Miss. Aurora Adelia",female,22.0,0,0,C 7077,S,Miss,1,1,Unknown,young,7.25,0.0,Other
378,0,1,"Widener, Mr. Harry Elkins",male,27.0,0,2,113503,C,Mr,3,0,C,young,210.0,50.0,
379,0,3,"Betros, Mr. Tannous",male,20.0,0,0,2648,C,Mr,1,1,Unknown,young,4.0,0.0,
380,0,3,"Gustafsson, Mr. Karl Gideon",male,19.0,0,0,347069,S,Mr,1,1,Unknown,young,7.800000000000001,7.5,
381,1,1,"Bidois, Miss. Rosalie",female,42.0,0,0,PC 17757,C,Miss,1,1,Unknown,adult,230.0,50.0,PC
382,1,3,"Nakid, Miss. Maria (""Mary"")",female,1.0,0,2,2653,C,Miss,3,0,Unknown,kids<3,15.5,15.0,
383,0,3,"Tikkanen, Mr. Juho",male,32.0,0,0,STON/O 2. 3101293,S,Mr,1,1,Unknown,young,7.9,7.5,STON/O
384,1,1,"Holverson, Mrs. Alexander Oskar (Mary Aline Towner)",female,35.0,1,0,113789,S,Mrs,2,0,Unknown,adult,50.0,25.0,
385,0,3,"Plotcharsky, Mr. Vasil",male,30.0,0,0,349227,S,Mr,1,1,Unknown,young,7.9,7.5,
386,0,2,"Davies, Mr. Charles Henry",male,18.0,0,0,S.O.C. 14879,S,Mr,1,1,Unknown,young,70.0,50.0,Other
387,0,3,"Goodwin, Master. Sidney Leonard",male,1.0,5,2,CA 2144,S,Master,8,0,Unknown,kids<3,45.0,25.0,Other
388,1,2,"Buss, Miss. Kate",female,36.0,0,0,27849,S,Miss,1,1,Unknown,adult,13.0,7.5,
389,0,3,"Sadlier, Mr. Matthew",male,30.0,0,0,367655,Q,Mr,1,1,Unknown,young,7.75,7.5,
390,1,2,"Lehmann, Miss. Bertha",female,17.0,0,0,SC 1748,C,Miss,1,1,Unknown,teenager,12.0,7.5,Other
391,1,1,"Carter, Mr. William Ernest",male,36.0,1,2,113760,S,Mr,4,0,B,adult,120.0,50.0,
392,1,3,"Jansson, Mr. Carl Olof",male,21.0,0,0,350034,S,Mr,1,1,Unknown,young,7.800000000000001,7.5,
393,0,3,"Gustafsson, Mr. Johan Birger",male,28.0,2,0,3101277,S,Mr,3,0,Unknown,young,7.9,7.5,
394,1,1,"Newell, Miss. Marjorie",female,23.0,1,0,35273,C,Miss,2,0,D,young,110.0,50.0,
395,1,3,"Sandstrom, Mrs. Hjalmar (Agnes Charlotta Bengtsson)",female,24.0,0,2,PP 9549,S,Mrs,3,0,Other,young,16.5,15.0,Other
396,0,3,"Johansson, Mr. Erik",male,22.0,0,0,350052,S,Mr,1,1,Unknown,young,7.800000000000001,7.5,
397,0,3,"Olsson, Miss. Elina",female,31.0,0,0,350407,S,Miss,1,1,Unknown,young,7.8500000000000005,7.5,
398,0,2,"McKane, Mr. Peter David",male,46.0,0,0,28403,S,Mr,1,1,Unknown,adult,25.0,15.0,
399,0,2,"Pain, Dr. Alfred",male,23.0,0,0,244278,S,Dr,1,1,Unknown,young,10.5,7.5,
400,1,2,"Trout, Mrs. William H (Jessie L)",female,28.0,0,0,240929,S,Mrs,1,1,Unknown,young,12.5,7.5,
401,1,3,"Niskanen, Mr. Juha",male,39.0,0,0,STON/O 2. 3101289,S,Mr,1,1,Unknown,adult,7.9,7.5,STON/O
402,0,3,"Adams, Mr. John",male,26.0,0,0,341826,S,Mr,1,1,Unknown,young,8.05,7.5,
403,0,3,"Jussila, Miss. Mari Aina",female,21.0,1,0,4137,S,Miss,2,0,Unknown,young,9.8,7.5,
404,0,3,"Hakkarainen, Mr. Pekka Pietari",male,28.0,1,0,STON/O2. 3101279,S,Mr,2,0,Unknown,young,16.0,15.0,Other
405,0,3,"Oreskovic, Miss. Marija",female,20.0,0,0,315096,S,Miss,1,1,Unknown,young,8.65,7.5,
406,0,2,"Gale, Mr. Shadrach",male,34.0,1,0,28664,S,Mr,2,0,Unknown,young,20.0,15.0,
407,0,3,"Widegren, Mr. Carl/Charles Peter",male,51.0,0,0,347064,S,Mr,1,1,Unknown,adult,7.75,7.5,
408,1,2,"Richards, Master. William Rowe",male,3.0,1,1,29106,S,Master,3,0,Unknown,kids<12,19.0,15.0,
409,0,3,"Birkeland, Mr. Hans Martin Monsen",male,21.0,0,0,312992,S,Mr,1,1,Unknown,young,7.800000000000001,7.5,
410,0,3,"Lefebre, Miss. Ida",female,21.5,3,1,4133,S,Miss,5,0,Unknown,young,25.0,15.0,
411,0,3,"Sdycoff, Mr. Todor",male,30.0,0,0,349222,S,Mr,1,1,Unknown,young,7.9,7.5,
412,0,3,"Hart, Mr. Henry",male,30.0,0,0,394140,Q,Mr,1,1,Unknown,young,6.8500000000000005,0.0,
413,1,1,"Minahan, Miss. Daisy E",female,33.0,1,0,19928,Q,Miss,2,0,C,young,90.0,50.0,
414,0,2,"Cunningham, Mr. Alfred Fleming",male,30.0,0,0,239853,S,Mr,1,1,Unknown,young,0.0,0.0,
415,1,3,"Sundman, Mr. Johan Julian",male,44.0,0,0,STON/O 2. 3101269,S,Mr,1,1,Unknown,adult,7.9,7.5,STON/O
416,0,3,"Meek, Mrs. Thomas (Annie Louise Rowley)",female,35.0,0,0,343095,S,Mrs,1,1,Unknown,adult,8.05,7.5,
417,1,2,"Drew, Mrs. James Vivian (Lulu Thorne Christian)",female,34.0,1,1,28220,S,Mrs,3,0,Unknown,young,30.0,25.0,
418,1,2,"Silven, Miss. Lyyli Karoliina",female,18.0,0,2,250652,S,Miss,3,0,Unknown,young,13.0,7.5,
419,0,2,"Matthews, Mr. William John",male,30.0,0,0,28228,S,Mr,1,1,Unknown,young,13.0,7.5,
420,0,3,"Van Impe, Miss. Catharina",female,10.0,0,2,345773,S,Miss,3,0,Unknown,kids<12,25.0,15.0,
421,0,3,"Gheorgheff, Mr. Stanio",male,30.0,0,0,349254,C,Mr,1,1,Unknown,young,7.9,7.5,
422,0,3,"Charters, Mr. David",male,21.0,0,0,A/5. 13032,Q,Mr,1,1,Unknown,young,7.75,7.5,Other
423,0,3,"Zimmerman, Mr. Leo",male,29.0,0,0,315082,S,Mr,1,1,Unknown,young,7.9,7.5,
424,0,3,"Danbom, Mrs. Ernst Gilbert (Anna Sigrid Maria Brogren)",female,28.0,1,1,347080,S,Mrs,3,0,Unknown,young,14.5,7.5,
425,0,3,"Rosblom, Mr. Viktor Richard",male,18.0,1,1,370129,S,Mr,3,0,Unknown,young,20.0,15.0,
426,0,3,"Wiseman, Mr. Phillippe",male,30.0,0,0,A/4. 34244,S,Mr,1,1,Unknown,young,7.25,0.0,Other
427,1,2,"Clarke, Mrs. Charles V (Ada Maria Winfield)",female,28.0,1,0,2003,S,Mrs,2,0,Unknown,young,25.0,15.0,
428,1,2,"Phillips, Miss. Kate Florence (""Mrs Kate Louise Phillips Marshall"")",female,19.0,0,0,250655,S,Miss,1,1,Unknown,young,25.0,15.0,
429,0,3,"Flynn, Mr. James",male,30.0,0,0,364851,Q,Mr,1,1,Unknown,young,7.75,7.5,
430,1,3,"Pickard, Mr. Berk (Berk Trembisky)",male,32.0,0,0,SOTON/O.Q. 392078,S,Mr,1,1,E,young,8.05,7.5,Other
431,1,1,"Bjornstrom-Steffansson, Mr. Mauritz Hakan",male,28.0,0,0,110564,S,Mr,1,1,C,young,25.0,15.0,
432,1,3,"Thorneycroft, Mrs. Percival (Florence Kate White)",female,35.0,1,0,376564,S,Mrs,2,0,Unknown,adult,16.0,15.0,
433,1,2,"Louch, Mrs. Charles Alexander (Alice Adelaide Slow)",female,42.0,1,0,SC/AH 3085,S,Mrs,2,0,Unknown,adult,25.0,15.0,Other
434,0,3,"Kallio, Mr. Nikolai Erland",male,17.0,0,0,STON/O 2. 3101274,S,Mr,1,1,Unknown,teenager,7.1000000000000005,0.0,STON/O
435,0,1,"Silvey, Mr. William Baird",male,50.0,1,0,13507,S,Mr,2,0,E,adult,60.0,50.0,
436,1,1,"Carter, Miss. Lucile Polk",female,14.0,1,2,113760,S,Miss,4,0,B,teenager,120.0,50.0,
437,0,3,"Ford, Miss. Doolina Margaret ""Daisy""",female,21.0,2,2,W./C. 6608,S,Miss,5,0,Unknown,young,35.0,25.0,Other
438,1,2,"Richards, Mrs. Sidney (Emily Hocking)",female,24.0,2,3,29106,S,Mrs,6,0,Unknown,young,19.0,15.0,
439,0,1,"Fortune, Mr. Mark",male,64.0,1,4,19950,S,Mr,6,0,C,senior,260.0,50.0,
440,0,2,"Kvillner, Mr. Johan Henrik Johannesson",male,31.0,0,0,C.A. 18723,S,Mr,1,1,Unknown,young,10.5,7.5,C.A.
441,1,2,"Hart, Mrs. Benjamin (Esther Ada Bloomfield)",female,45.0,1,1,F.C.C. 13529,S,Mrs,3,0,Unknown,adult,25.0,15.0,Other
442,0,3,"Hampe, Mr. Leon",male,20.0,0,0,345769,S,Mr,1,1,Unknown,young,9.5,7.5,
443,0,3,"Petterson, Mr. Johan Emil",male,25.0,1,0,347076,S,Mr,2,0,Unknown,young,7.800000000000001,7.5,
444,1,2,"Reynaldo, Ms. Encarnacion",female,28.0,0,0,230434,S,Miss,1,1,Unknown,young,13.0,7.5,
445,1,3,"Johannesen-Bratthammer, Mr. Bernt",male,30.0,0,0,65306,S,Mr,1,1,Unknown,young,8.1,7.5,
446,1,1,"Dodge, Master. Washington",male,4.0,0,2,33638,S,Master,3,0,A,kids<12,80.0,50.0,
447,1,2,"Mellinger, Miss. Madeleine Violet",female,13.0,0,1,250644,S,Miss,2,0,Unknown,teenager,19.5,15.0,
448,1,1,"Seward, Mr. Frederic Kimber",male,34.0,0,0,113794,S,Mr,1,1,Unknown,young,25.0,15.0,
449,1,3,"Baclini, Miss. Marie Catherine",female,5.0,2,1,2666,C,Miss,4,0,Unknown,kids<12,19.5,15.0,
450,1,1,"Peuchen, Major. Arthur Godfrey",male,52.0,0,0,113786,S,Officer,1,1,C,adult,30.0,25.0,
451,0,2,"West, Mr. Edwy Arthur",male,36.0,1,2,C.A. 34651,S,Mr,4,0,Unknown,adult,30.0,25.0,C.A.
452,0,3,"Hagland, Mr. Ingvald Olai Olsen",male,30.0,1,0,65303,S,Mr,2,0,Unknown,young,20.0,15.0,
453,0,1,"Foreman, Mr. Benjamin Laventall",male,30.0,0,0,113051,C,Mr,1,1,C,young,30.0,25.0,
454,1,1,"Goldenberg, Mr. Samuel L",male,49.0,1,0,17453,C,Mr,2,0,C,adult,90.0,50.0,
455,0,3,"Peduzzi, Mr. Joseph",male,30.0,0,0,A/5 2817,S,Mr,1,1,Unknown,young,8.05,7.5,A/5
456,1,3,"Jalsevac, Mr. Ivan",male,29.0,0,0,349240,C,Mr,1,1,Unknown,young,7.9,7.5,
457,0,1,"Millet, Mr. Francis Davis",male,65.0,0,0,13509,S,Mr,1,1,E,senior,25.0,15.0,
458,1,1,"Kenyon, Mrs. Frederick R (Marion)",female,35.0,1,0,17464,S,Mrs,2,0,D,adult,50.0,25.0,
459,1,2,"Toomey, Miss. Ellen",female,50.0,0,0,F.C.C. 13531,S,Miss,1,1,Unknown,adult,10.5,7.5,Other
460,0,3,"O'Connor, Mr. Maurice",male,30.0,0,0,371060,Q,Mr,1,1,Unknown,young,7.75,7.5,
461,1,1,"Anderson, Mr. Harry",male,48.0,0,0,19952,S,Mr,1,1,E,adult,25.0,15.0,
462,0,3,"Morley, Mr. William",male,34.0,0,0,364506,S,Mr,1,1,Unknown,young,8.05,7.5,
463,0,1,"Gee, Mr. Arthur H",male,47.0,0,0,111320,S,Mr,1,1,E,adult,40.0,25.0,
464,0,2,"Milling, Mr. Jacob Christian",male,48.0,0,0,234360,S,Mr,1,1,Unknown,adult,13.0,7.5,
465,0,3,"Maisner, Mr. Simon",male,30.0,0,0,A/S 2816,S,Mr,1,1,Unknown,young,8.05,7.5,Other
466,0,3,"Goncalves, Mr. Manuel Estanslas",male,38.0,0,0,SOTON/O.Q. 3101306,S,Mr,1,1,Unknown,adult,7.050000000000001,0.0,Other
467,0,2,"Campbell, Mr. William",male,30.0,0,0,239853,S,Mr,1,1,Unknown,young,0.0,0.0,
468,0,1,"Smart, Mr. John Montgomery",male,56.0,0,0,113792,S,Mr,1,1,Unknown,adult,25.0,15.0,
469,0,3,"Scanlan, Mr. James",male,30.0,0,0,36209,Q,Mr,1,1,Unknown,young,7.7,7.5,
470,1,3,"Baclini, Miss. Helene Barbara",female,0.75,2,1,2666,C,Miss,4,0,Unknown,baby,19.5,15.0,
471,0,3,"Keefe, Mr. Arthur",male,30.0,0,0,323592,S,Mr,1,1,Unknown,young,7.25,0.0,
472,0,3,"Cacic, Mr. Luka",male,38.0,0,0,315089,S,Mr,1,1,Unknown,adult,8.65,7.5,
473,1,2,"West, Mrs. Edwy Arthur (Ada Mary Worth)",female,33.0,1,2,C.A. 34651,S,Mrs,4,0,Unknown,young,30.0,25.0,C.A.
474,1,2,"Jerwan, Mrs. Amin S (Marie Marthe Thuillard)",female,23.0,0,0,SC/AH Basle 541,C,Mrs,1,1,D,young,14.0,7.5,Other
475,0,3,"Strandberg, Miss. Ida Sofia",female,22.0,0,0,7553,S,Miss,1,1,Unknown,young,9.850000000000001,7.5,
476,0,1,"Clifford, Mr. George Quincy",male,30.0,0,0,110465,S,Mr,1,1,A,young,50.0,25.0,
477,0,2,"Renouf, Mr. Peter Henry",male,34.0,1,0,31027,S,Mr,2,0,Unknown,young,20.0,15.0,
478,0,3,"Braund, Mr. Lewis Richard",male,29.0,1,0,3460,S,Mr,2,0,Unknown,young,7.050000000000001,0.0,
479,0,3,"Karlsson, Mr. Nils August",male,22.0,0,0,350060,S,Mr,1,1,Unknown,young,7.5,0.0,
480,1,3,"Hirvonen, Miss. Hildur E",female,2.0,0,1,3101298,S,Miss,2,0,Unknown,kids<3,12.5,7.5,
481,0,3,"Goodwin, Master. Harold Victor",male,9.0,5,2,CA 2144,S,Master,8,0,Unknown,kids<12,45.0,25.0,Other
482,0,2,"Frost, Mr. Anthony Wood ""Archie""",male,30.0,0,0,239854,S,Mr,1,1,Unknown,young,0.0,0.0,
483,0,3,"Rouse, Mr. Richard Henry",male,50.0,0,0,A/5 3594,S,Mr,1,1,Unknown,adult,8.05,7.5,A/5
484,1,3,"Turkula, Mrs. (Hedwig)",female,63.0,0,0,4134,S,Mrs,1,1,Unknown,senior,9.600000000000001,7.5,
485,1,1,"Bishop, Mr. Dickinson H",male,25.0,1,0,11967,C,Mr,2,0,B,young,90.0,50.0,
486,0,3,"Lefebre, Miss. Jeannie",female,21.5,3,1,4133,S,Miss,5,0,Unknown,young,25.0,15.0,
487,1,1,"Hoyt, Mrs. Frederick Maxfield (Jane Anne Forby)",female,35.0,1,0,19943,S,Mrs,2,0,C,adult,90.0,50.0,
488,0,1,"Kent, Mr. Edward Austin",male,58.0,0,0,11771,C,Mr,1,1,B,adult,30.0,25.0,
489,0,3,"Somerton, Mr. Francis William",male,30.0,0,0,A.5. 18509,S,Mr,1,1,Unknown,young,8.05,7.5,Other
490,1,3,"Coutts, Master. Eden Leslie ""Neville""",male,9.0,1,1,C.A. 37671,S,Master,3,0,Unknown,kids<12,16.0,15.0,C.A.
491,0,3,"Hagland, Mr. Konrad Mathias Reiersen",male,30.0,1,0,65304,S,Mr,2,0,Unknown,young,20.0,15.0,
492,0,3,"Windelov, Mr. Einar",male,21.0,0,0,SOTON/OQ 3101317,S,Mr,1,1,Unknown,young,7.25,0.0,Other
493,0,1,"Molson, Mr. Harry Markland",male,55.0,0,0,113787,S,Mr,1,1,C,adult,30.0,25.0,
494,0,1,"Artagaveytia, Mr. Ramon",male,71.0,0,0,PC 17609,C,Mr,1,1,Unknown,senior,50.0,25.0,PC
495,0,3,"Stanley, Mr. Edward Roland",male,21.0,0,0,A/4 45380,S,Mr,1,1,Unknown,young,8.05,7.5,Other
496,0,3,"Yousseff, Mr. Gerious",male,30.0,0,0,2627,C,Mr,1,1,Unknown,young,14.5,7.5,
497,1,1,"Eustis, Miss. Elizabeth Mussey",female,54.0,1,0,36947,C,Miss,2,0,D,adult,80.0,50.0,
498,0,3,"Shellard, Mr. Frederick William",male,30.0,0,0,C.A. 6212,S,Mr,1,1,Unknown,young,15.0,7.5,C.A.
499,0,1,"Allison, Mrs. Hudson J C (Bessie Waldo Daniels)",female,25.0,1,2,113781,S,Mrs,4,0,C,young,150.0,50.0,
500,0,3,"Svensson, Mr. Olof",male,24.0,0,0,350035,S,Mr,1,1,Unknown,young,7.800000000000001,7.5,
501,0,3,"Calic, Mr. Petar",male,17.0,0,0,315086,S,Mr,1,1,Unknown,teenager,8.65,7.5,
502,0,3,"Canavan, Miss. Mary",female,21.0,0,0,364846,Q,Miss,1,1,Unknown,young,7.75,7.5,
503,0,3,"O'Sullivan, Miss. Bridget Mary",female,21.5,0,0,330909,Q,Miss,1,1,Unknown,young,7.65,7.5,
504,0,3,"Laitinen, Miss. Kristina Sofia",female,37.0,0,0,4135,S,Miss,1,1,Unknown,adult,9.600000000000001,7.5,
505,1,1,"Maioni, Miss. Roberta",female,16.0,0,0,110152,S,Miss,1,1,B,teenager,90.0,50.0,
506,0,1,"Penasco y Castellana, Mr. Victor de Satode",male,18.0,1,0,PC 17758,C,Mr,2,0,C,young,110.0,50.0,PC
507,1,2,"Quick, Mrs. Frederick Charles (Jane Richards)",female,33.0,0,2,26360,S,Mrs,3,0,Unknown,young,25.0,15.0,
508,1,1,"Bradley, Mr. George (""George Arthur Brayton"")",male,30.0,0,0,111427,S,Mr,1,1,Unknown,young,25.0,15.0,
509,0,3,"Olsen, Mr. Henry Margido",male,28.0,0,0,C 4001,S,Mr,1,1,Unknown,young,25.0,15.0,Other
510,1,3,"Lang, Mr. Fang",male,26.0,0,0,1601,S,Mr,1,1,Unknown,young,60.0,50.0,
511,1,3,"Daly, Mr. Eugene Patrick",male,29.0,0,0,382651,Q,Mr,1,1,Unknown,young,7.75,7.5,
512,0,3,"Webber, Mr. James",male,30.0,0,0,SOTON/OQ 3101316,S,Mr,1,1,Unknown,young,8.05,7.5,Other
513,1,1,"McGough, Mr. James Robert",male,36.0,0,0,PC 17473,S,Mr,1,1,E,adult,25.0,15.0,PC
514,1,1,"Rothschild, Mrs. Martin (Elizabeth L. Barrett)",female,54.0,1,0,PC 17603,C,Mrs,2,0,Unknown,adult,60.0,50.0,PC
515,0,3,"Coleff, Mr. Satio",male,24.0,0,0,349209,S,Mr,1,1,Unknown,young,7.5,0.0,
516,0,1,"Walker, Mr. William Anderson",male,47.0,0,0,36967,S,Mr,1,1,D,adult,35.0,25.0,
517,1,2,"Lemore, Mrs. (Amelia Milley)",female,34.0,0,0,C.A. 34260,S,Mrs,1,1,Other,young,10.5,7.5,C.A.
518,0,3,"Ryan, Mr. Patrick",male,30.0,0,0,371110,Q,Mr,1,1,Unknown,young,25.0,15.0,
519,1,2,"Angle, Mrs. William A (Florence ""Mary"" Agnes Hughes)",female,36.0,1,0,226875,S,Mrs,2,0,Unknown,adult,25.0,15.0,
520,0,3,"Pavlovic, Mr. Stefo",male,32.0,0,0,349242,S,Mr,1,1,Unknown,young,7.9,7.5,
521,1,1,"Perreault, Miss. Anne",female,30.0,0,0,12749,S,Miss,1,1,B,young,90.0,50.0,
522,0,3,"Vovk, Mr. Janko",male,22.0,0,0,349252,S,Mr,1,1,Unknown,young,7.9,7.5,
523,0,3,"Lahoud, Mr. Sarkis",male,30.0,0,0,2624,C,Mr,1,1,Unknown,young,7.2,0.0,
524,1,1,"Hippach, Mrs. Louis Albert (Ida Sophia Fischer)",female,44.0,0,1,111361,C,Mrs,2,0,B,adult,60.0,50.0,
525,0,3,"Kassem, Mr. Fared",male,30.0,0,0,2700,C,Mr,1,1,Unknown,young,7.25,0.0,
526,0,3,"Farrell, Mr. James",male,40.5,0,0,367232,Q,Mr,1,1,Unknown,adult,7.75,7.5,
527,1,2,"Ridsdale, Miss. Lucy",female,50.0,0,0,W./C. 14258,S,Miss,1,1,Unknown,adult,10.5,7.5,Other
528,0,1,"Farthing, Mr. John",male,30.0,0,0,PC 17483,S,Mr,1,1,C,young,220.0,50.0,PC
529,0,3,"Salonen, Mr. Johan Werner",male,39.0,0,0,3101296,S,Mr,1,1,Unknown,adult,7.9,7.5,
530,0,2,"Hocking, Mr. Richard George",male,23.0,2,1,29104,S,Mr,4,0,Unknown,young,11.5,7.5,
531,1,2,"Quick, Miss. Phyllis May",female,2.0,1,1,26360,S,Miss,3,0,Unknown,kids<3,25.0,15.0,
532,0,3,"Toufik, Mr. Nakli",male,30.0,0,0,2641,C,Mr,1,1,Unknown,young,7.25,0.0,
533,0,3,"Elias, Mr. Joseph Jr",male,17.0,1,1,2690,C,Mr,3,0,Unknown,teenager,7.25,0.0,
534,1,3,"Peter, Mrs. Catherine (Catherine Rizk)",female,35.0,0,2,2668,C,Mrs,3,0,Unknown,adult,20.0,15.0,
535,0,3,"Cacic, Miss. Marija",female,30.0,0,0,315084,S,Miss,1,1,Unknown,young,8.65,7.5,
536,1,2,"Hart, Miss. Eva Miriam",female,7.0,0,2,F.C.C. 13529,S,Miss,3,0,Unknown,kids<12,25.0,15.0,Other
537,0,1,"Butt, Major. Archibald Willingham",male,45.0,0,0,113050,S,Officer,1,1,B,adult,25.0,15.0,
538,1,1,"LeRoy, Miss. Bertha",female,30.0,0,0,PC 17761,C,Miss,1,1,Unknown,young,110.0,50.0,PC
539,0,3,"Risien, Mr. Samuel Beard",male,30.0,0,0,364498,S,Mr,1,1,Unknown,young,14.5,7.5,
540,1,1,"Frolicher, Miss. Hedwig Margaritha",female,22.0,0,2,13568,C,Miss,3,0,B,young,50.0,25.0,
541,1,1,"Crosby, Miss. Harriet R",female,36.0,0,2,WE/P 5735,S,Miss,3,0,B,adult,70.0,50.0,Other
542,0,3,"Andersson, Miss. Ingeborg Constanzia",female,9.0,4,2,347082,S,Miss,7,0,Unknown,kids<12,30.0,25.0,
543,0,3,"Andersson, Miss. Sigrid Elisabeth",female,11.0,4,2,347082,S,Miss,7,0,Unknown,kids<12,30.0,25.0,
544,1,2,"Beane, Mr. Edward",male,32.0,1,0,2908,S,Mr,2,0,Unknown,young,25.0,15.0,
545,0,1,"Douglas, Mr. Walter Donald",male,50.0,1,0,PC 17761,C,Mr,2,0,C,adult,110.0,50.0,PC
546,0,1,"Nicholson, Mr. Arthur Ernest",male,64.0,0,0,693,S,Mr,1,1,Unknown,senior,25.0,15.0,
547,1,2,"Beane, Mrs. Edward (Ethel Clarke)",female,19.0,1,0,2908,S,Mrs,2,0,Unknown,young,25.0,15.0,
548,1,2,"Padro y Manent, Mr. Julian",male,30.0,0,0,SC/PARIS 2146,C,Mr,1,1,Unknown,young,14.0,7.5,Other
549,0,3,"Goldsmith, Mr. Frank John",male,33.0,1,1,363291,S,Mr,3,0,Unknown,young,20.0,15.0,
550,1,2,"Davies, Master. John Morgan Jr",male,8.0,1,1,C.A. 33112,S,Master,3,0,Unknown,kids<12,35.0,25.0,C.A.
551,1,1,"Thayer, Mr. John Borland Jr",male,17.0,0,2,17421,C,Mr,3,0,C,teenager,110.0,50.0,
552,0,2,"Sharp, Mr. Percival James R",male,27.0,0,0,244358,S,Mr,1,1,Unknown,young,25.0,15.0,
553,0,3,"O'Brien, Mr. Timothy",male,30.0,0,0,330979,Q,Mr,1,1,Unknown,young,7.8500000000000005,7.5,
554,1,3,"Leeni, Mr. Fahim (""Philip Zenni"")",male,22.0,0,0,2620,C,Mr,1,1,Unknown,young,7.2,0.0,
555,1,3,"Ohman, Miss. Velin",female,22.0,0,0,347085,S,Miss,1,1,Unknown,young,7.800000000000001,7.5,
556,0,1,"Wright, Mr. George",male,62.0,0,0,113807,S,Mr,1,1,Unknown,senior,25.0,15.0,
557,1,1,"Duff Gordon, Lady. (Lucille Christiana Sutherland) (""Mrs Morgan"")",female,48.0,1,0,11755,C,Miss,2,0,A,adult,40.0,25.0,
558,0,1,"Robbins, Mr. Victor",male,30.0,0,0,PC 17757,C,Mr,1,1,Unknown,young,230.0,50.0,PC
559,1,1,"Taussig, Mrs. Emil (Tillie Mandelbaum)",female,39.0,1,1,110413,S,Mrs,3,0,E,adult,80.0,50.0,
560,1,3,"de Messemaeker, Mrs. Guillaume Joseph (Emma)",female,36.0,1,0,345572,S,Mrs,2,0,Unknown,adult,17.5,15.0,
561,0,3,"Morrow, Mr. Thomas Rowan",male,30.0,0,0,372622,Q,Mr,1,1,Unknown,young,7.75,7.5,
562,0,3,"Sivic, Mr. Husein",male,40.0,0,0,349251,S,Mr,1,1,Unknown,adult,7.9,7.5,
563,0,2,"Norman, Mr. Robert Douglas",male,28.0,0,0,218629,S,Mr,1,1,Unknown,young,13.5,7.5,
564,0,3,"Simmons, Mr. John",male,30.0,0,0,SOTON/OQ 392082,S,Mr,1,1,Unknown,young,8.05,7.5,Other
565,0,3,"Meanwell, Miss. (Marion Ogden)",female,21.5,0,0,SOTON/O.Q. 392087,S,Miss,1,1,Unknown,young,8.05,7.5,Other
566,0,3,"Davies, Mr. Alfred J",male,24.0,2,0,A/4 48871,S,Mr,3,0,Unknown,young,25.0,15.0,Other
567,0,3,"Stoytcheff, Mr. Ilia",male,19.0,0,0,349205,S,Mr,1,1,Unknown,young,7.9,7.5,
568,0,3,"Palsson, Mrs. Nils (Alma Cornelia Berglund)",female,29.0,0,4,349909,S,Mrs,5,0,Unknown,young,20.0,15.0,
569,0,3,"Doharr, Mr. Tannous",male,30.0,0,0,2686,C,Mr,1,1,Unknown,young,7.25,0.0,
570,1,3,"Jonsson, Mr. Carl",male,32.0,0,0,350417,S,Mr,1,1,Unknown,young,7.8500000000000005,7.5,
571,1,2,"Harris, Mr. George",male,62.0,0,0,S.W./PP 752,S,Mr,1,1,Unknown,senior,10.5,7.5,Other
572,1,1,"Appleton, Mrs. Edward Dale (Charlotte Lamson)",female,53.0,2,0,11769,S,Mrs,3,0,C,adult,50.0,25.0,
573,1,1,"Flynn, Mr. John Irwin (""Irving"")",male,36.0,0,0,PC 17474,S,Mr,1,1,E,adult,25.0,15.0,PC
574,1,3,"Kelly, Miss. Mary",female,21.5,0,0,14312,Q,Miss,1,1,Unknown,young,7.75,7.5,
575,0,3,"Rush, Mr. Alfred George John",male,16.0,0,0,A/4. 20589,S,Mr,1,1,Unknown,teenager,8.05,7.5,Other
576,0,3,"Patchett, Mr. George",male,19.0,0,0,358585,S,Mr,1,1,Unknown,young,14.5,7.5,
577,1,2,"Garside, Miss. Ethel",female,34.0,0,0,243880,S,Miss,1,1,Unknown,young,13.0,7.5,
578,1,1,"Silvey, Mrs. William Baird (Alice Munger)",female,39.0,1,0,13507,S,Mrs,2,0,E,adult,60.0,50.0,
579,0,3,"Caram, Mrs. Joseph (Maria Elias)",female,35.0,1,0,2689,C,Mrs,2,0,Unknown,adult,14.5,7.5,
580,1,3,"Jussila, Mr. Eiriik",male,32.0,0,0,STON/O 2. 3101286,S,Mr,1,1,Unknown,young,7.9,7.5,STON/O
581,1,2,"Christy, Miss. Julie Rachel",female,25.0,1,1,237789,S,Miss,3,0,Unknown,young,30.0,25.0,
582,1,1,"Thayer, Mrs. John Borland (Marian Longstreth Morris)",female,39.0,1,1,17421,C,Mrs,3,0,C,adult,110.0,50.0,
583,0,2,"Downton, Mr. William James",male,54.0,0,0,28403,S,Mr,1,1,Unknown,adult,25.0,15.0,
584,0,1,"Ross, Mr. John Hugo",male,36.0,0,0,13049,C,Mr,1,1,A,adult,40.0,25.0,
585,0,3,"Paulner, Mr. Uscher",male,30.0,0,0,3411,C,Mr,1,1,Unknown,young,8.700000000000001,7.5,
586,1,1,"Taussig, Miss. Ruth",female,18.0,0,2,110413,S,Miss,3,0,E,young,80.0,50.0,
587,0,2,"Jarvis, Mr. John Denzil",male,47.0,0,0,237565,S,Mr,1,1,Unknown,adult,15.0,7.5,
588,1,1,"Frolicher-Stehli, Mr. Maxmillian",male,60.0,1,1,13567,C,Mr,3,0,B,senior,80.0,50.0,
589,0,3,"Gilinski, Mr. Eliezer",male,22.0,0,0,14973,S,Mr,1,1,Unknown,young,8.05,7.5,
590,0,3,"Murdlin, Mr. Joseph",male,30.0,0,0,A./5. 3235,S,Mr,1,1,Unknown,young,8.05,7.5,Other
591,0,3,"Rintamaki, Mr. Matti",male,35.0,0,0,STON/O 2. 3101273,S,Mr,1,1,Unknown,adult,7.1000000000000005,0.0,STON/O
592,1,1,"Stephenson, Mrs. Walter Bertram (Martha Eustis)",female,52.0,1,0,36947,C,Mrs,2,0,D,adult,80.0,50.0,
593,0,3,"Elsbury, Mr. William James",male,47.0,0,0,A/5 3902,S,Mr,1,1,Unknown,adult,7.25,0.0,A/5
594,0,3,"Bourke, Miss. Mary",female,21.5,0,2,364848,Q,Miss,3,0,Unknown,young,7.75,7.5,
595,0,2,"Chapman, Mr. John Henry",male,37.0,1,0,SC/AH 29037,S,Mr,2,0,Unknown,adult,25.0,15.0,Other
596,0,3,"Van Impe, Mr. Jean Baptiste",male,36.0,1,1,345773,S,Mr,3,0,Unknown,adult,25.0,15.0,
597,1,2,"Leitch, Miss. Jessie Wills",female,21.5,0,0,248727,S,Miss,1,1,Unknown,young,35.0,25.0,
598,0,3,"Johnson, Mr. Alfred",male,49.0,0,0,LINE,S,Mr,1,1,Unknown,adult,0.0,0.0,Other
599,0,3,"Boulos, Mr. Hanna",male,30.0,0,0,2664,C,Mr,1,1,Unknown,young,7.2,0.0,
600,1,1,"Duff Gordon, Sir. Cosmo Edmund (""Mr Morgan"")",male,49.0,1,0,PC 17485,C,Sir,2,0,A,adult,60.0,50.0,PC
601,1,2,"Jacobsohn, Mrs. Sidney Samuel (Amy Frances Christy)",female,24.0,2,1,243847,S,Mrs,4,0,Unknown,young,25.0,15.0,
602,0,3,"Slabenoff, Mr. Petco",male,30.0,0,0,349214,S,Mr,1,1,Unknown,young,7.9,7.5,
603,0,1,"Harrington, Mr. Charles H",male,30.0,0,0,113796,S,Mr,1,1,Unknown,young,40.0,25.0,
604,0,3,"Torber, Mr. Ernst William",male,44.0,0,0,364511,S,Mr,1,1,Unknown,adult,8.05,7.5,
605,1,1,"Homer, Mr. Harry (""Mr E Haven"")",male,35.0,0,0,111426,C,Mr,1,1,Unknown,adult,25.0,15.0,
606,0,3,"Lindell, Mr. Edvard Bengtsson",male,36.0,1,0,349910,S,Mr,2,0,Unknown,adult,15.5,15.0,
607,0,3,"Karaic, Mr. Milan",male,30.0,0,0,349246,S,Mr,1,1,Unknown,young,7.9,7.5,
608,1,1,"Daniel, Mr. Robert Williams",male,27.0,0,0,113804,S,Mr,1,1,Unknown,young,30.0,25.0,
609,1,2,"Laroche, Mrs. Joseph (Juliette Marie Louise Lafargue)",female,22.0,1,2,SC/Paris 2123,C,Mrs,4,0,Unknown,young,40.0,25.0,Other
610,1,1,"Shutes, Miss. Elizabeth W",female,40.0,0,0,PC 17582,S,Miss,1,1,C,adult,150.0,50.0,PC
611,0,3,"Andersson, Mrs. Anders Johan (Alfrida Konstantia Brogren)",female,39.0,1,5,347082,S,Mrs,7,0,Unknown,adult,30.0,25.0,
612,0,3,"Jardin, Mr. Jose Neto",male,30.0,0,0,SOTON/O.Q. 3101305,S,Mr,1,1,Unknown,young,7.050000000000001,0.0,Other
613,1,3,"Murphy, Miss. Margaret Jane",female,21.5,1,0,367230,Q,Miss,2,0,Unknown,young,15.5,15.0,
614,0,3,"Horgan, Mr. John",male,30.0,0,0,370377,Q,Mr,1,1,Unknown,young,7.75,7.5,
615,0,3,"Brocklebank, Mr. William Alfred",male,35.0,0,0,364512,S,Mr,1,1,Unknown,adult,8.05,7.5,
616,1,2,"Herman, Miss. Alice",female,24.0,1,2,220845,S,Miss,4,0,Unknown,young,60.0,50.0,
617,0,3,"Danbom, Mr. Ernst Gilbert",male,34.0,1,1,347080,S,Mr,3,0,Unknown,young,14.5,7.5,
618,0,3,"Lobb, Mrs. William Arthur (Cordelia K Stanlick)",female,26.0,1,0,A/5. 3336,S,Mrs,2,0,Unknown,young,16.0,15.0,Other
619,1,2,"Becker, Miss. Marion Louise",female,4.0,2,1,230136,S,Miss,4,0,Other,kids<12,40.0,25.0,
620,0,2,"Gavey, Mr. Lawrence",male,26.0,0,0,31028,S,Mr,1,1,Unknown,young,10.5,7.5,
621,0,3,"Yasbeck, Mr. Antoni",male,27.0,1,0,2659,C,Mr,2,0,Unknown,young,14.5,7.5,
622,1,1,"Kimball, Mr. Edwin Nelson Jr",male,42.0,1,0,11753,S,Mr,2,0,D,adult,50.0,25.0,
623,1,3,"Nakid, Mr. Sahid",male,20.0,1,1,2653,C,Mr,3,0,Unknown,young,15.5,15.0,
624,0,3,"Hansen, Mr. Henry Damsgaard",male,21.0,0,0,350029,S,Mr,1,1,Unknown,young,7.8500000000000005,7.5,
625,0,3,"Bowen, Mr. David John ""Dai""",male,21.0,0,0,54636,S,Mr,1,1,Unknown,young,16.0,15.0,
626,0,1,"Sutton, Mr. Frederick",male,61.0,0,0,36963,S,Mr,1,1,D,senior,30.0,25.0,
627,0,2,"Kirkland, Rev. Charles Leonard",male,57.0,0,0,219533,Q,Rev,1,1,Unknown,adult,12.5,7.5,
628,1,1,"Longley, Miss. Gretchen Fiske",female,21.0,0,0,13502,S,Miss,1,1,D,young,80.0,50.0,
629,0,3,"Bostandyeff, Mr. Guentcho",male,26.0,0,0,349224,S,Mr,1,1,Unknown,young,7.9,7.5,
630,0,3,"O'Connell, Mr. Patrick D",male,30.0,0,0,334912,Q,Mr,1,1,Unknown,young,7.75,7.5,
631,1,1,"Barkworth, Mr. Algernon Henry Wilson",male,80.0,0,0,27042,S,Mr,1,1,A,senior,30.0,25.0,
632,0,3,"Lundahl, Mr. Johan Svensson",male,51.0,0,0,347743,S,Mr,1,1,Unknown,adult,7.050000000000001,0.0,
633,1,1,"Stahelin-Maeglin, Dr. Max",male,32.0,0,0,13214,C,Dr,1,1,B,young,30.0,25.0,
634,0,1,"Parr, Mr. William Henry Marsh",male,30.0,0,0,112052,S,Mr,1,1,Unknown,young,0.0,0.0,
635,0,3,"Skoog, Miss. Mabel",female,9.0,3,2,347088,S,Miss,6,0,Unknown,kids<12,30.0,25.0,
636,1,2,"Davis, Miss. Mary",female,28.0,0,0,237668,S,Miss,1,1,Unknown,young,13.0,7.5,
637,0,3,"Leinonen, Mr. Antti Gustaf",male,32.0,0,0,STON/O 2. 3101292,S,Mr,1,1,Unknown,young,7.9,7.5,STON/O
638,0,2,"Collyer, Mr. Harvey",male,31.0,1,1,C.A. 31921,S,Mr,3,0,Unknown,young,25.0,15.0,C.A.
639,0,3,"Panula, Mrs. Juha (Maria Emilia Ojala)",female,41.0,0,5,3101295,S,Mrs,6,0,Unknown,adult,40.0,25.0,
640,0,3,"Thorneycroft, Mr. Percival",male,30.0,1,0,376564,S,Mr,2,0,Unknown,young,16.0,15.0,
641,0,3,"Jensen, Mr. Hans Peder",male,20.0,0,0,350050,S,Mr,1,1,Unknown,young,7.8500000000000005,7.5,
642,1,1,"Sagesser, Mlle. Emma",female,24.0,0,0,PC 17477,C,Miss,1,1,B,young,70.0,50.0,PC
643,0,3,"Skoog, Miss. Margit Elizabeth",female,2.0,3,2,347088,S,Miss,6,0,Unknown,kids<3,30.0,25.0,
644,1,3,"Foo, Mr. Choong",male,30.0,0,0,1601,S,Mr,1,1,Unknown,young,60.0,50.0,
645,1,3,"Baclini, Miss. Eugenie",female,0.75,2,1,2666,C,Miss,4,0,Unknown,baby,19.5,15.0,
646,1,1,"Harper, Mr. Henry Sleeper",male,48.0,1,0,PC 17572,C,Mr,2,0,D,adult,80.0,50.0,PC
647,0,3,"Cor, Mr. Liudevit",male,19.0,0,0,349231,S,Mr,1,1,Unknown,young,7.9,7.5,
648,1,1,"Simonius-Blumer, Col. Oberst Alfons",male,56.0,0,0,13213,C,Officer,1,1,A,adult,35.0,25.0,
649,0,3,"Willey, Mr. Edward",male,30.0,0,0,S.O./P.P. 751,S,Mr,1,1,Unknown,young,7.550000000000001,7.5,Other
650,1,3,"Stanley, Miss. Amy Zillah Elsie",female,23.0,0,0,CA. 2314,S,Miss,1,1,Unknown,young,7.550000000000001,7.5,Other
651,0,3,"Mitkoff, Mr. Mito",male,30.0,0,0,349221,S,Mr,1,1,Unknown,young,7.9,7.5,
652,1,2,"Doling, Miss. Elsie",female,18.0,0,1,231919,S,Miss,2,0,Unknown,young,25.0,15.0,
653,0,3,"Kalvik, Mr. Johannes Halvorsen",male,21.0,0,0,8475,S,Mr,1,1,Unknown,young,8.450000000000001,7.5,
654,1,3,"O'Leary, Miss. Hanora ""Norah""",female,21.5,0,0,330919,Q,Miss,1,1,Unknown,young,7.8500000000000005,7.5,
655,0,3,"Hegarty, Miss. Hanora ""Nora""",female,18.0,0,0,365226,Q,Miss,1,1,Unknown,young,6.75,0.0,
656,0,2,"Hickman, Mr. Leonard Mark",male,24.0,2,0,S.O.C. 14879,S,Mr,3,0,Unknown,young,70.0,50.0,Other
657,0,3,"Radeff, Mr. Alexander",male,30.0,0,0,349223,S,Mr,1,1,Unknown,young,7.9,7.5,
658,0,3,"Bourke, Mrs. John (Catherine)",female,32.0,1,1,364849,Q,Mrs,3,0,Unknown,young,15.5,15.0,
659,0,2,"Eitemiller, Mr. George Floyd",male,23.0,0,0,29751,S,Mr,1,1,Unknown,young,13.0,7.5,
660,0,1,"Newell, Mr. Arthur Webster",male,58.0,0,2,35273,C,Mr,3,0,D,adult,110.0,50.0,
661,1,1,"Frauenthal, Dr. Henry William",male,50.0,2,0,PC 17611,S,Dr,3,0,Unknown,adult,130.0,50.0,PC
662,0,3,"Badt, Mr. Mohamed",male,40.0,0,0,2623,C,Mr,1,1,Unknown,adult,7.2,0.0,
663,0,1,"Colley, Mr. Edward Pomeroy",male,47.0,0,0,5727,S,Mr,1,1,E,adult,25.0,15.0,
664,0,3,"Coleff, Mr. Peju",male,36.0,0,0,349210,S,Mr,1,1,Unknown,adult,7.5,0.0,
665,1,3,"Lindqvist, Mr. Eino William",male,20.0,1,0,STON/O 2. 3101285,S,Mr,2,0,Unknown,young,7.9,7.5,STON/O
666,0,2,"Hickman, Mr. Lewis",male,32.0,2,0,S.O.C. 14879,S,Mr,3,0,Unknown,young,70.0,50.0,Other
667,0,2,"Butler, Mr. Reginald Fenton",male,25.0,0,0,234686,S,Mr,1,1,Unknown,young,13.0,7.5,
668,0,3,"Rommetvedt, Mr. Knud Paust",male,30.0,0,0,312993,S,Mr,1,1,Unknown,young,7.800000000000001,7.5,
669,0,3,"Cook, Mr. Jacob",male,43.0,0,0,A/5 3536,S,Mr,1,1,Unknown,adult,8.05,7.5,A/5
670,1,1,"Taylor, Mrs. Elmer Zebley (Juliet Cummins Wright)",female,35.0,1,0,19996,S,Mrs,2,0,C,adult,50.0,25.0,
671,1,2,"Brown, Mrs. Thomas William Solomon (Elizabeth Catherine Ford)",female,40.0,1,1,29750,S,Mrs,3,0,Unknown,adult,40.0,25.0,
672,0,1,"Davidson, Mr. Thornton",male,31.0,1,0,F.C. 12750,S,Mr,2,0,B,young,50.0,25.0,Other
673,0,2,"Mitchell, Mr. Henry Michael",male,70.0,0,0,C.A. 24580,S,Mr,1,1,Unknown,senior,10.5,7.5,C.A.
674,1,2,"Wilhelms, Mr. Charles",male,31.0,0,0,244270,S,Mr,1,1,Unknown,young,13.0,7.5,
675,0,2,"Watson, Mr. Ennis Hastings",male,30.0,0,0,239856,S,Mr,1,1,Unknown,young,0.0,0.0,
676,0,3,"Edvardsson, Mr. Gustaf Hjalmar",male,18.0,0,0,349912,S,Mr,1,1,Unknown,young,7.800000000000001,7.5,
677,0,3,"Sawyer, Mr. Frederick Charles",male,24.5,0,0,342826,S,Mr,1,1,Unknown,young,8.05,7.5,
678,1,3,"Turja, Miss. Anna Sofia",female,18.0,0,0,4138,S,Miss,1,1,Unknown,young,9.850000000000001,7.5,
679,0,3,"Goodwin, Mrs. Frederick (Augusta Tyler)",female,43.0,1,6,CA 2144,S,Mrs,8,0,Unknown,adult,45.0,25.0,Other
680,1,1,"Cardeza, Mr. Thomas Drake Martinez",male,36.0,0,1,PC 17755,C,Mr,2,0,B,adult,510.0,50.0,PC
681,0,3,"Peters, Miss. Katie",female,21.5,0,0,330935,Q,Miss,1,1,Unknown,young,8.15,7.5,
682,1,1,"Hassab, Mr. Hammad",male,27.0,0,0,PC 17572,C,Mr,1,1,D,young,80.0,50.0,PC
683,0,3,"Olsvigen, Mr. Thor Anderson",male,20.0,0,0,6563,S,Mr,1,1,Unknown,young,9.200000000000001,7.5,
684,0,3,"Goodwin, Mr. Charles Edward",male,14.0,5,2,CA 2144,S,Mr,8,0,Unknown,teenager,45.0,25.0,Other
685,0,2,"Brown, Mr. Thomas William Solomon",male,60.0,1,1,29750,S,Mr,3,0,Unknown,senior,40.0,25.0,
686,0,2,"Laroche, Mr. Joseph Philippe Lemercier",male,25.0,1,2,SC/Paris 2123,C,Mr,4,0,Unknown,young,40.0,25.0,Other
687,0,3,"Panula, Mr. Jaako Arnold",male,14.0,4,1,3101295,S,Mr,6,0,Unknown,teenager,40.0,25.0,
688,0,3,"Dakic, Mr. Branko",male,19.0,0,0,349228,S,Mr,1,1,Unknown,young,10.0,7.5,
689,0,3,"Fischer, Mr. Eberhard Thelander",male,18.0,0,0,350036,S,Mr,1,1,Unknown,young,7.800000000000001,7.5,
690,1,1,"Madill, Miss. Georgette Alexandra",female,15.0,0,1,24160,S,Miss,2,0,B,teenager,210.0,50.0,
691,1,1,"Dick, Mr. Albert Adrian",male,31.0,1,0,17474,S,Mr,2,0,B,young,60.0,50.0,
692,1,3,"Karun, Miss. Manca",female,4.0,0,1,349256,C,Miss,2,0,Unknown,kids<12,13.5,7.5,
693,1,3,"Lam, Mr. Ali",male,30.0,0,0,1601,S,Mr,1,1,Unknown,young,60.0,50.0,
694,0,3,"Saad, Mr. Khalil",male,25.0,0,0,2672,C,Mr,1,1,Unknown,young,7.2,0.0,
695,0,1,"Weir, Col. John",male,60.0,0,0,113800,S,Officer,1,1,Unknown,senior,25.0,15.0,
696,0,2,"Chapman, Mr. Charles Henry",male,52.0,0,0,248731,S,Mr,1,1,Unknown,adult,13.5,7.5,
697,0,3,"Kelly, Mr. James",male,44.0,0,0,363592,S,Mr,1,1,Unknown,adult,8.05,7.5,
698,1,3,"Mullens, Miss. Katherine ""Katie""",female,21.5,0,0,35852,Q,Miss,1,1,Unknown,young,7.75,7.5,
699,0,1,"Thayer, Mr. John Borland",male,49.0,1,1,17421,C,Mr,3,0,C,adult,110.0,50.0,
700,0,3,"Humblen, Mr. Adolf Mathias Nicolai Olsen",male,42.0,0,0,348121,S,Mr,1,1,Other,adult,7.65,7.5,
701,1,1,"Astor, Mrs. John Jacob (Madeleine Talmadge Force)",female,18.0,1,0,PC 17757,C,Mrs,2,0,C,young,230.0,50.0,PC
702,1,1,"Silverthorne, Mr. Spencer Victor",male,35.0,0,0,PC 17475,S,Mr,1,1,E,adult,25.0,15.0,PC
703,0,3,"Barbara, Miss. Saiide",female,18.0,0,1,2691,C,Miss,2,0,Unknown,young,14.5,7.5,
704,0,3,"Gallagher, Mr. Martin",male,25.0,0,0,36864,Q,Mr,1,1,Unknown,young,7.75,7.5,
705,0,3,"Hansen, Mr. Henrik Juul",male,26.0,1,0,350025,S,Mr,2,0,Unknown,young,7.8500000000000005,7.5,
706,0,2,"Morley, Mr. Henry Samuel (""Mr Henry Marshall"")",male,39.0,0,0,250655,S,Mr,1,1,Unknown,adult,25.0,15.0,
707,1,2,"Kelly, Mrs. Florence ""Fannie""",female,45.0,0,0,223596,S,Mrs,1,1,Unknown,adult,13.5,7.5,
708,1,1,"Calderhead, Mr. Edward Pennington",male,42.0,0,0,PC 17476,S,Mr,1,1,E,adult,25.0,15.0,PC
709,1,1,"Cleaver, Miss. Alice",female,22.0,0,0,113781,S,Miss,1,1,Unknown,young,150.0,50.0,
710,1,3,"Moubarek, Master. Halim Gonios (""William George"")",male,3.5,1,1,2661,C,Master,3,0,Unknown,kids<12,15.0,7.5,
711,1,1,"Mayne, Mlle. Berthe Antonine (""Mrs de Villiers"")",female,24.0,0,0,PC 17482,C,Miss,1,1,C,young,50.0,25.0,PC
712,0,1,"Klaber, Mr. Herman",male,30.0,0,0,113028,S,Mr,1,1,C,young,25.0,15.0,
713,1,1,"Taylor, Mr. Elmer Zebley",male,48.0,1,0,19996,S,Mr,2,0,C,adult,50.0,25.0,
714,0,3,"Larsson, Mr. August Viktor",male,29.0,0,0,7545,S,Mr,1,1,Unknown,young,9.5,7.5,
715,0,2,"Greenberg, Mr. Samuel",male,52.0,0,0,250647,S,Mr,1,1,Unknown,adult,13.0,7.5,
716,0,3,"Soholt, Mr. Peter Andreas Lauritz Andersen",male,19.0,0,0,348124,S,Mr,1,1,Other,young,7.65,7.5,
717,1,1,"Endres, Miss. Caroline Louise",female,38.0,0,0,PC 17757,C,Miss,1,1,C,adult,230.0,50.0,PC
718,1,2,"Troutt, Miss. Edwina Celia ""Winnie""",female,27.0,0,0,34218,S,Miss,1,1,E,young,10.5,7.5,
719,0,3,"McEvoy, Mr. Michael",male,30.0,0,0,36568,Q,Mr,1,1,Unknown,young,15.5,15.0,
720,0,3,"Johnson, Mr. Malkolm Joackim",male,33.0,0,0,347062,S,Mr,1,1,Unknown,young,7.800000000000001,7.5,
721,1,2,"Harper, Miss. Annie Jessie ""Nina""",female,6.0,0,1,248727,S,Miss,2,0,Unknown,kids<12,35.0,25.0,
722,0,3,"Jensen, Mr. Svend Lauritz",male,17.0,1,0,350048,S,Mr,2,0,Unknown,teenager,7.050000000000001,0.0,
723,0,2,"Gillespie, Mr. William Henry",male,34.0,0,0,12233,S,Mr,1,1,Unknown,young,13.0,7.5,
724,0,2,"Hodges, Mr. Henry Price",male,50.0,0,0,250643,S,Mr,1,1,Unknown,adult,13.0,7.5,
725,1,1,"Chambers, Mr. Norman Campbell",male,27.0,1,0,113806,S,Mr,2,0,E,young,50.0,25.0,
726,0,3,"Oreskovic, Mr. Luka",male,20.0,0,0,315094,S,Mr,1,1,Unknown,young,8.65,7.5,
727,1,2,"Renouf, Mrs. Peter Henry (Lillian Jefferys)",female,30.0,3,0,31027,S,Mrs,4,0,Unknown,young,20.0,15.0,
728,1,3,"Mannion, Miss. Margareth",female,21.5,0,0,36866,Q,Miss,1,1,Unknown,young,7.75,7.5,
729,0,2,"Bryhl, Mr. Kurt Arnold Gottfrid",male,25.0,1,0,236853,S,Mr,2,0,Unknown,young,25.0,15.0,
730,0,3,"Ilmakangas, Miss. Pieta Sofia",female,25.0,1,0,STON/O2. 3101271,S,Miss,2,0,Unknown,young,7.9,7.5,Other
731,1,1,"Allen, Miss. Elisabeth Walton",female,29.0,0,0,24160,S,Miss,1,1,B,young,210.0,50.0,
732,0,3,"Hassan, Mr. Houssein G N",male,11.0,0,0,2699,C,Mr,1,1,Unknown,kids<12,19.0,15.0,
733,0,2,"Knight, Mr. Robert J",male,30.0,0,0,239855,S,Mr,1,1,Unknown,young,0.0,0.0,
734,0,2,"Berriman, Mr. William John",male,23.0,0,0,28425,S,Mr,1,1,Unknown,young,13.0,7.5,
735,0,2,"Troupiansky, Mr. Moses Aaron",male,23.0,0,0,233639,S,Mr,1,1,Unknown,young,13.0,7.5,
736,0,3,"Williams, Mr. Leslie",male,28.5,0,0,54636,S,Mr,1,1,Unknown,young,16.0,15.0,
737,0,3,"Ford, Mrs. Edward (Margaret Ann Watson)",female,48.0,1,3,W./C. 6608,S,Mrs,5,0,Unknown,adult,35.0,25.0,Other
738,1,1,"Lesurer, Mr. Gustave J",male,35.0,0,0,PC 17755,C,Mr,1,1,B,adult,510.0,50.0,PC
739,0,3,"Ivanoff, Mr. Kanio",male,30.0,0,0,349201,S,Mr,1,1,Unknown,young,7.9,7.5,
740,0,3,"Nankoff, Mr. Minko",male,30.0,0,0,349218,S,Mr,1,1,Unknown,young,7.9,7.5,
741,1,1,"Hawksford, Mr. Walter James",male,30.0,0,0,16988,S,Mr,1,1,D,young,30.0,25.0,
742,0,1,"Cavendish, Mr. Tyrell William",male,36.0,1,0,19877,S,Mr,2,0,C,adult,80.0,50.0,
743,1,1,"Ryerson, Miss. Susan Parker ""Suzette""",female,21.0,2,2,PC 17608,C,Miss,5,0,B,young,260.0,50.0,PC
744,0,3,"McNamee, Mr. Neal",male,24.0,1,0,376566,S,Mr,2,0,Unknown,young,16.0,15.0,
745,1,3,"Stranden, Mr. Juho",male,31.0,0,0,STON/O 2. 3101288,S,Mr,1,1,Unknown,young,7.9,7.5,STON/O
746,0,1,"Crosby, Capt. Edward Gifford",male,70.0,1,1,WE/P 5735,S,Officer,3,0,B,senior,70.0,50.0,Other
747,0,3,"Abbott, Mr. Rossmore Edward",male,16.0,1,1,C.A. 2673,S,Mr,3,0,Unknown,teenager,20.0,15.0,C.A.
748,1,2,"Sinkkonen, Miss. Anna",female,30.0,0,0,250648,S,Miss,1,1,Unknown,young,13.0,7.5,
749,0,1,"Marvin, Mr. Daniel Warner",male,19.0,1,0,113773,S,Mr,2,0,D,young,50.0,25.0,
750,0,3,"Connaghton, Mr. Michael",male,31.0,0,0,335097,Q,Mr,1,1,Unknown,young,7.75,7.5,
751,1,2,"Wells, Miss. Joan",female,4.0,1,1,29103,S,Miss,3,0,Unknown,kids<12,25.0,15.0,
752,1,3,"Moor, Master. Meier",male,6.0,0,1,392096,S,Master,2,0,E,kids<12,12.5,7.5,
753,0,3,"Vande Velde, Mr. Johannes Joseph",male,33.0,0,0,345780,S,Mr,1,1,Unknown,young,9.5,7.5,
754,0,3,"Jonkoff, Mr. Lalio",male,23.0,0,0,349204,S,Mr,1,1,Unknown,young,7.9,7.5,
755,1,2,"Herman, Mrs. Samuel (Jane Laver)",female,48.0,1,2,220845,S,Mrs,4,0,Unknown,adult,60.0,50.0,
756,1,2,"Hamalainen, Master. Viljo",male,0.67,1,1,250649,S,Master,3,0,Unknown,baby,14.5,7.5,
757,0,3,"Carlsson, Mr. August Sigfrid",male,28.0,0,0,350042,S,Mr,1,1,Unknown,young,7.800000000000001,7.5,
758,0,2,"Bailey, Mr. Percy Andrew",male,18.0,0,0,29108,S,Mr,1,1,Unknown,young,11.5,7.5,
759,0,3,"Theobald, Mr. Thomas Leonard",male,34.0,0,0,363294,S,Mr,1,1,Unknown,young,8.05,7.5,
760,1,1,"Rothes, the Countess. of (Lucy Noel Martha Dyer-Edwards)",female,33.0,0,0,110152,S,Countess,1,1,B,young,90.0,50.0,
761,0,3,"Garfirth, Mr. John",male,30.0,0,0,358585,S,Mr,1,1,Unknown,young,14.5,7.5,
762,0,3,"Nirva, Mr. Iisakki Antino Aijo",male,41.0,0,0,SOTON/O2 3101272,S,Mr,1,1,Unknown,adult,7.1000000000000005,0.0,Other
763,1,3,"Barah, Mr. Hanna Assi",male,20.0,0,0,2663,C,Mr,1,1,Unknown,young,7.25,0.0,
764,1,1,"Carter, Mrs. William Ernest (Lucile Polk)",female,36.0,1,2,113760,S,Mrs,4,0,B,adult,120.0,50.0,
765,0,3,"Eklund, Mr. Hans Linus",male,16.0,0,0,347074,S,Mr,1,1,Unknown,teenager,7.800000000000001,7.5,
766,1,1,"Hogeboom, Mrs. John C (Anna Andrews)",female,51.0,1,0,13502,S,Mrs,2,0,D,adult,80.0,50.0,
767,0,1,"Brewe, Dr. Arthur Jackson",male,46.5,0,0,112379,C,Dr,1,1,Unknown,adult,40.0,25.0,
768,0,3,"Mangan, Miss. Mary",female,30.5,0,0,364850,Q,Miss,1,1,Unknown,young,7.75,7.5,
769,0,3,"Moran, Mr. Daniel J",male,30.0,1,0,371110,Q,Mr,2,0,Unknown,young,25.0,15.0,
770,0,3,"Gronnestad, Mr. Daniel Danielsen",male,32.0,0,0,8471,S,Mr,1,1,Unknown,young,8.35,7.5,
771,0,3,"Lievens, Mr. Rene Aime",male,24.0,0,0,345781,S,Mr,1,1,Unknown,young,9.5,7.5,
772,0,3,"Jensen, Mr. Niels Peder",male,48.0,0,0,350047,S,Mr,1,1,Unknown,adult,7.8500000000000005,7.5,
773,0,2,"Mack, Mrs. (Mary)",female,57.0,0,0,S.O./P.P. 3,S,Mrs,1,1,E,adult,10.5,7.5,Other
774,0,3,"Elias, Mr. Dibo",male,30.0,0,0,2674,C,Mr,1,1,Unknown,young,7.2,0.0,
775,1,2,"Hocking, Mrs. Elizabeth (Eliza Needs)",female,54.0,1,3,29105,S,Mrs,5,0,Unknown,adult,25.0,15.0,
776,0,3,"Myhrman, Mr. Pehr Fabian Oliver Malkolm",male,18.0,0,0,347078,S,Mr,1,1,Unknown,young,7.75,7.5,
777,0,3,"Tobin, Mr. Roger",male,30.0,0,0,383121,Q,Mr,1,1,Other,young,7.75,7.5,
778,1,3,"Emanuel, Miss. Virginia Ethel",female,5.0,0,0,364516,S,Miss,1,1,Unknown,kids<12,12.5,7.5,
779,0,3,"Kilgannon, Mr. Thomas J",male,30.0,0,0,36865,Q,Mr,1,1,Unknown,young,7.75,7.5,
780,1,1,"Robert, Mrs. Edward Scott (Elisabeth Walton McMillan)",female,43.0,0,1,24160,S,Mrs,2,0,B,adult,210.0,50.0,
781,1,3,"Ayoub, Miss. Banoura",female,13.0,0,0,2687,C,Miss,1,1,Unknown,teenager,7.25,0.0,
782,1,1,"Dick, Mrs. Albert Adrian (Vera Gillespie)",female,17.0,1,0,17474,S,Mrs,2,0,B,teenager,60.0,50.0,
783,0,1,"Long, Mr. Milton Clyde",male,29.0,0,0,113501,S,Mr,1,1,D,young,30.0,25.0,
784,0,3,"Johnston, Mr. Andrew G",male,30.0,1,2,W./C. 6607,S,Mr,4,0,Unknown,young,25.0,15.0,Other
785,0,3,"Ali, Mr. William",male,25.0,0,0,SOTON/O.Q. 3101312,S,Mr,1,1,Unknown,young,7.050000000000001,0.0,Other
786,0,3,"Harmer, Mr. Abraham (David Lishin)",male,25.0,0,0,374887,S,Mr,1,1,Unknown,young,7.25,0.0,
787,1,3,"Sjoblom, Miss. Anna Sofia",female,18.0,0,0,3101265,S,Miss,1,1,Unknown,young,7.5,0.0,
788,0,3,"Rice, Master. George Hugh",male,8.0,4,1,382652,Q,Master,6,0,Unknown,kids<12,30.0,25.0,
789,1,3,"Dean, Master. Bertram Vere",male,1.0,1,2,C.A. 2315,S,Master,4,0,Unknown,kids<3,20.0,15.0,C.A.
790,0,1,"Guggenheim, Mr. Benjamin",male,46.0,0,0,PC 17593,C,Mr,1,1,B,adult,80.0,50.0,PC
791,0,3,"Keane, Mr. Andrew ""Andy""",male,30.0,0,0,12460,Q,Mr,1,1,Unknown,young,7.75,7.5,
792,0,2,"Gaskell, Mr. Alfred",male,16.0,0,0,239865,S,Mr,1,1,Unknown,teenager,25.0,15.0,
793,0,3,"Sage, Miss. Stella Anna",female,21.5,8,2,CA. 2343,S,Miss,11,0,Unknown,young,70.0,50.0,Other
794,0,1,"Hoyt, Mr. William Fisher",male,30.0,0,0,PC 17600,C,Mr,1,1,Unknown,young,30.0,25.0,PC
795,0,3,"Dantcheff, Mr. Ristiu",male,25.0,0,0,349203,S,Mr,1,1,Unknown,young,7.9,7.5,
796,0,2,"Otter, Mr. Richard",male,39.0,0,0,28213,S,Mr,1,1,Unknown,adult,13.0,7.5,
797,1,1,"Leader, Dr. Alice (Farnham)",female,49.0,0,0,17465,S,Dr,1,1,D,adult,25.0,15.0,
798,1,3,"Osman, Mrs. Mara",female,31.0,0,0,349244,S,Mrs,1,1,Unknown,young,8.700000000000001,7.5,
799,0,3,"Ibrahim Shawah, Mr. Yousseff",male,30.0,0,0,2685,C,Mr,1,1,Unknown,young,7.25,0.0,
800,0,3,"Van Impe, Mrs. Jean Baptiste (Rosalie Paula Govaert)",female,30.0,1,1,345773,S,Mrs,3,0,Unknown,young,25.0,15.0,
801,0,2,"Ponesell, Mr. Martin",male,34.0,0,0,250647,S,Mr,1,1,Unknown,young,13.0,7.5,
802,1,2,"Collyer, Mrs. Harvey (Charlotte Annie Tate)",female,31.0,1,1,C.A. 31921,S,Mrs,3,0,Unknown,young,25.0,15.0,C.A.
803,1,1,"Carter, Master. William Thornton II",male,11.0,1,2,113760,S,Master,4,0,B,kids<12,120.0,50.0,
804,1,3,"Thomas, Master. Assad Alexander",male,0.42,0,1,2625,C,Master,2,0,Unknown,baby,8.5,7.5,
805,1,3,"Hedman, Mr. Oskar Arvid",male,27.0,0,0,347089,S,Mr,1,1,Unknown,young,7.0,0.0,
806,0,3,"Johansson, Mr. Karl Johan",male,31.0,0,0,347063,S,Mr,1,1,Unknown,young,7.800000000000001,7.5,
807,0,1,"Andrews, Mr. Thomas Jr",male,39.0,0,0,112050,S,Mr,1,1,A,adult,0.0,0.0,
808,0,3,"Pettersson, Miss. Ellen Natalia",female,18.0,0,0,347087,S,Miss,1,1,Unknown,young,7.800000000000001,7.5,
809,0,2,"Meyer, Mr. August",male,39.0,0,0,248723,S,Mr,1,1,Unknown,adult,13.0,7.5,
810,1,1,"Chambers, Mrs. Norman Campbell (Bertha Griggs)",female,33.0,1,0,113806,S,Mrs,2,0,E,young,50.0,25.0,
811,0,3,"Alexander, Mr. William",male,26.0,0,0,3474,S,Mr,1,1,Unknown,young,7.9,7.5,
812,0,3,"Lester, Mr. James",male,39.0,0,0,A/4 48871,S,Mr,1,1,Unknown,adult,25.0,15.0,Other
813,0,2,"Slemen, Mr. Richard James",male,35.0,0,0,28206,S,Mr,1,1,Unknown,adult,10.5,7.5,
814,0,3,"Andersson, Miss. Ebba Iris Alfrida",female,6.0,4,2,347082,S,Miss,7,0,Unknown,kids<12,30.0,25.0,
815,0,3,"Tomlin, Mr. Ernest Portage",male,30.5,0,0,364499,S,Mr,1,1,Unknown,young,8.05,7.5,
816,0,1,"Fry, Mr. Richard",male,30.0,0,0,112058,S,Mr,1,1,B,young,0.0,0.0,
817,0,3,"Heininen, Miss. Wendla Maria",female,23.0,0,0,STON/O2. 3101290,S,Miss,1,1,Unknown,young,7.9,7.5,Other
818,0,2,"Mallet, Mr. Albert",male,31.0,1,1,S.C./PARIS 2079,C,Mr,3,0,Unknown,young,35.0,25.0,Other
819,0,3,"Holm, Mr. John Fredrik Alexander",male,43.0,0,0,C 7075,S,Mr,1,1,Unknown,adult,6.45,0.0,Other
820,0,3,"Skoog, Master. Karl Thorsten",male,10.0,3,2,347088,S,Master,6,0,Unknown,kids<12,30.0,25.0,
821,1,1,"Hays, Mrs. Charles Melville (Clara Jennings Gregg)",female,52.0,1,1,12749,S,Mrs,3,0,B,adult,90.0,50.0,
822,1,3,"Lulic, Mr. Nikola",male,27.0,0,0,315098,S,Mr,1,1,Unknown,young,8.65,7.5,
823,0,1,"Reuchlin, Jonkheer. John George",male,38.0,0,0,19972,S,Sir,1,1,Unknown,adult,0.0,0.0,
824,1,3,"Moor, Mrs. (Beila)",female,27.0,0,1,392096,S,Mrs,2,0,E,young,12.5,7.5,
825,0,3,"Panula, Master. Urho Abraham",male,2.0,4,1,3101295,S,Master,6,0,Unknown,kids<3,40.0,25.0,
826,0,3,"Flynn, Mr. John",male,30.0,0,0,368323,Q,Mr,1,1,Unknown,young,6.95,0.0,
827,0,3,"Lam, Mr. Len",male,30.0,0,0,1601,S,Mr,1,1,Unknown,young,60.0,50.0,
828,1,2,"Mallet, Master. Andre",male,1.0,0,2,S.C./PARIS 2079,C,Master,3,0,Unknown,kids<3,35.0,25.0,Other
829,1,3,"McCormack, Mr. Thomas Joseph",male,30.0,0,0,367228,Q,Mr,1,1,Unknown,young,7.75,7.5,
830,1,1,"Stone, Mrs. George Nelson (Martha Evelyn)",female,62.0,0,0,113572,S,Mrs,1,1,B,senior,80.0,50.0,
831,1,3,"Yasbeck, Mrs. Antoni (Selini Alexander)",female,15.0,1,0,2659,C,Mrs,2,0,Unknown,teenager,14.5,7.5,
832,1,2,"Richards, Master. George Sibley",male,0.83,1,1,29106,S,Master,3,0,Unknown,baby,19.0,15.0,
833,0,3,"Saad, Mr. Amin",male,30.0,0,0,2671,C,Mr,1,1,Unknown,young,7.25,0.0,
834,0,3,"Augustsson, Mr. Albert",male,23.0,0,0,347468,S,Mr,1,1,Unknown,young,7.8500000000000005,7.5,
835,0,3,"Allum, Mr. Owen George",male,18.0,0,0,2223,S,Mr,1,1,Unknown,young,8.3,7.5,
836,1,1,"Compton, Miss. Sara Rebecca",female,39.0,1,1,PC 17756,C,Miss,3,0,E,adult,80.0,50.0,PC
837,0,3,"Pasic, Mr. Jakob",male,21.0,0,0,315097,S,Mr,1,1,Unknown,young,8.65,7.5,
838,0,3,"Sirota, Mr. Maurice",male,30.0,0,0,392092,S,Mr,1,1,Unknown,young,8.05,7.5,
839,1,3,"Chip, Mr. Chang",male,32.0,0,0,1601,S,Mr,1,1,Unknown,young,60.0,50.0,
840,1,1,"Marechal, Mr. Pierre",male,30.0,0,0,11774,C,Mr,1,1,C,young,30.0,25.0,
841,0,3,"Alhomaki, Mr. Ilmari Rudolf",male,20.0,0,0,SOTON/O2 3101287,S,Mr,1,1,Unknown,young,7.9,7.5,Other
842,0,2,"Mudd, Mr. Thomas Charles",male,16.0,0,0,S.O./P.P. 3,S,Mr,1,1,Unknown,teenager,10.5,7.5,Other
843,1,1,"Serepeca, Miss. Augusta",female,30.0,0,0,113798,C,Miss,1,1,Unknown,young,30.0,25.0,
844,0,3,"Lemberopolous, Mr. Peter L",male,34.5,0,0,2683,C,Mr,1,1,Unknown,young,6.45,0.0,
845,0,3,"Culumovic, Mr. Jeso",male,17.0,0,0,315090,S,Mr,1,1,Unknown,teenager,8.65,7.5,
846,0,3,"Abbing, Mr. Anthony",male,42.0,0,0,C.A. 5547,S,Mr,1,1,Unknown,adult,7.550000000000001,7.5,C.A.
847,0,3,"Sage, Mr. Douglas Bullen",male,30.0,8,2,CA. 2343,S,Mr,11,0,Unknown,young,70.0,50.0,Other
848,0,3,"Markoff, Mr. Marin",male,35.0,0,0,349213,C,Mr,1,1,Unknown,adult,7.9,7.5,
849,0,2,"Harper, Rev. John",male,28.0,0,1,248727,S,Rev,2,0,Unknown,young,35.0,25.0,
850,1,1,"Goldenberg, Mrs. Samuel L (Edwiga Grabowska)",female,35.0,1,0,17453,C,Mrs,2,0,C,adult,90.0,50.0,
851,0,3,"Andersson, Master. Sigvard Harald Elias",male,4.0,4,2,347082,S,Master,7,0,Unknown,kids<12,30.0,25.0,
852,0,3,"Svensson, Mr. Johan",male,74.0,0,0,347060,S,Mr,1,1,Unknown,senior,7.800000000000001,7.5,
853,0,3,"Boulos, Miss. Nourelain",female,9.0,1,1,2678,C,Miss,3,0,Unknown,kids<12,15.0,7.5,
854,1,1,"Lines, Miss. Mary Conover",female,16.0,0,1,PC 17592,S,Miss,2,0,D,teenager,40.0,25.0,PC
855,0,2,"Carter, Mrs. Ernest Courtenay (Lilian Hughes)",female,44.0,1,0,244252,S,Mrs,2,0,Unknown,adult,25.0,15.0,
856,1,3,"Aks, Mrs. Sam (Leah Rosen)",female,18.0,0,1,392091,S,Mrs,2,0,Unknown,young,9.35,7.5,
857,1,1,"Wick, Mrs. George Dennick (Mary Hitchcock)",female,45.0,1,1,36928,S,Mrs,3,0,Unknown,adult,160.0,50.0,
858,1,1,"Daly, Mr. Peter Denis ",male,51.0,0,0,113055,S,Mr,1,1,E,adult,25.0,15.0,
859,1,3,"Baclini, Mrs. Solomon (Latifa Qurban)",female,24.0,0,3,2666,C,Mrs,4,0,Unknown,young,19.5,15.0,
860,0,3,"Razi, Mr. Raihed",male,30.0,0,0,2629,C,Mr,1,1,Unknown,young,7.25,0.0,
861,0,3,"Hansen, Mr. Claus Peter",male,41.0,2,0,350026,S,Mr,3,0,Unknown,adult,14.0,7.5,
862,0,2,"Giles, Mr. Frederick Edward",male,21.0,1,0,28134,S,Mr,2,0,Unknown,young,11.5,7.5,
863,1,1,"Swift, Mrs. Frederick Joel (Margaret Welles Barron)",female,48.0,0,0,17466,S,Mrs,1,1,D,adult,25.0,15.0,
864,0,3,"Sage, Miss. Dorothy Edith ""Dolly""",female,21.5,8,2,CA. 2343,S,Miss,11,0,Unknown,young,70.0,50.0,Other
865,0,2,"Gill, Mr. John William",male,24.0,0,0,233866,S,Mr,1,1,Unknown,young,13.0,7.5,
866,1,2,"Bystrom, Mrs. (Karolina)",female,42.0,0,0,236852,S,Mrs,1,1,Unknown,adult,13.0,7.5,
867,1,2,"Duran y More, Miss. Asuncion",female,27.0,1,0,SC/PARIS 2149,C,Miss,2,0,Unknown,young,14.0,7.5,Other
868,0,1,"Roebling, Mr. Washington Augustus II",male,31.0,0,0,PC 17590,S,Mr,1,1,A,young,50.0,25.0,PC
869,0,3,"van Melkebeke, Mr. Philemon",male,30.0,0,0,345777,S,Mr,1,1,Unknown,young,9.5,7.5,
870,1,3,"Johnson, Master. Harold Theodor",male,4.0,1,1,347742,S,Master,3,0,Unknown,kids<12,11.0,7.5,
871,0,3,"Balkic, Mr. Cerin",male,26.0,0,0,349248,S,Mr,1,1,Unknown,young,7.9,7.5,
872,1,1,"Beckwith, Mrs. Richard Leonard (Sallie Monypeny)",female,47.0,1,1,11751,S,Mrs,3,0,D,adult,50.0,25.0,
873,0,1,"Carlsson, Mr. Frans Olof",male,33.0,0,0,695,S,Mr,1,1,B,young,5.0,0.0,
874,0,3,"Vander Cruyssen, Mr. Victor",male,47.0,0,0,345765,S,Mr,1,1,Unknown,adult,9.0,7.5,
875,1,2,"Abelson, Mrs. Samuel (Hannah Wizosky)",female,28.0,1,0,P/PP 3381,C,Mrs,2,0,Unknown,young,25.0,15.0,Other
876,1,3,"Najib, Miss. Adele Kiamie ""Jane""",female,15.0,0,0,2667,C,Miss,1,1,Unknown,teenager,7.2,0.0,
877,0,3,"Gustafsson, Mr. Alfred Ossian",male,20.0,0,0,7534,S,Mr,1,1,Unknown,young,9.850000000000001,7.5,
878,0,3,"Petroff, Mr. Nedelio",male,19.0,0,0,349212,S,Mr,1,1,Unknown,young,7.9,7.5,
879,0,3,"Laleff, Mr. Kristo",male,30.0,0,0,349217,S,Mr,1,1,Unknown,young,7.9,7.5,
880,1,1,"Potter, Mrs. Thomas Jr (Lily Alexenia Wilson)",female,56.0,0,1,11767,C,Mrs,2,0,C,adult,80.0,50.0,
881,1,2,"Shelley, Mrs. William (Imanita Parrish Hall)",female,25.0,0,1,230433,S,Mrs,2,0,Unknown,young,25.0,15.0,
882,0,3,"Markun, Mr. Johann",male,33.0,0,0,349257,S,Mr,1,1,Unknown,young,7.9,7.5,
883,0,3,"Dahlberg, Miss. Gerda Ulrika",female,22.0,0,0,7552,S,Miss,1,1,Unknown,young,10.5,7.5,
884,0,2,"Banfield, Mr. Frederick James",male,28.0,0,0,C.A./SOTON 34068,S,Mr,1,1,Unknown,young,10.5,7.5,Other
885,0,3,"Sutehall, Mr. Henry Jr",male,25.0,0,0,SOTON/OQ 392076,S,Mr,1,1,Unknown,young,7.050000000000001,0.0,Other
886,0,3,"Rice, Mrs. William (Margaret Norton)",female,39.0,0,5,382652,Q,Mrs,6,0,Unknown,adult,30.0,25.0,
887,0,2,"Montvila, Rev. Juozas",male,27.0,0,0,211536,S,Rev,1,1,Unknown,young,13.0,7.5,
888,1,1,"Graham, Miss. Margaret Edith",female,19.0,0,0,112053,S,Miss,1,1,B,young,30.0,25.0,
889,0,3,"Johnston, Miss. Catherine Helen ""Carrie""",female,21.5,1,2,W./C. 6607,S,Miss,4,0,Unknown,young,25.0,15.0,Other
890,1,1,"Behr, Mr. Karl Howell",male,26.0,0,0,111369,C,Mr,1,1,C,young,30.0,25.0,
891,0,3,"Dooley, Mr. Patrick",male,32.0,0,0,370376,Q,Mr,1,1,Unknown,young,7.75,7.5,
